LINK_ID,F_NODE,T_NODE,ROAD_NAME,LENGTH
4150002500,4150047600,4150003300,창원대로1144번길,346.105057194322
4150002600,4150003300,4150047600,창원대로1144번길,345.603339803864
4150000400,4150001900,4150002100,불모산로62번길,451.398058095579
4150037600,4150041600,4150042700,성주로,280.273880743842
4150037700,4150042700,4150041600,성주로,281.106763145955
4150040600,4150042700,4150043100,성주로,63.564648521904
4150040700,4150043100,4150042700,성주로,63.279849207348
4150042400,4150043100,4150043300,성주로,118.816318794271
4150042500,4150043300,4150043100,성주로,118.692195839065
4150043000,4150043300,4150044400,창이대로,188.636307578033
4150043100,4150044400,4150043300,창이대로,187.962183891225
4150045200,4150044400,4150045000,창이대로,170.218337250485
4150045300,4150045000,4150044400,창이대로,170.218252506298
4150131800,4150020100,4150020500,용지로,78.578289941229
4150131900,4150020500,4150020100,용지로,78.578206197664
4150132000,4150036500,4150036800,동산로,25.228477498732
4150132100,4150036800,4150036500,동산로,25.228496555688
4150089200,4150019400,4150019800,창원대로,43.14779831529
4150089300,4150047900,4150047500,대암로,109.271158361572
4150092200,4150033600,4150033100,동산로,73.557829817433
4150089400,4150047500,4150047900,대암로,105.599456065777
4150089500,4150023700,4150024200,토월로,75.111753697553
4150089600,4150024200,4150023700,토월로,72.998481837894
4150089700,4150032700,4150031700,동산로55번길,48.443331084514
4150089800,4150031700,4150032700,동산로55번길,48.443268756305
4150089900,4150050200,4150050100,해원로,16.914233301074
4150090000,4150050100,4150050200,해원로,16.914309450169
4150090100,4150019400,4150019000,창원대로,184.760297455046
4150090200,4150019000,4150019400,창원대로,184.760436612989
4150090300,4150031700,4150032400,단정로76번길,42.231692990303
4150090400,4150032400,4150031700,단정로76번길,42.231668984868
4150090500,4150031700,4150029700,동산로55번길,113.073265541371
4150090600,4150029700,4150031700,동산로55번길,113.073346756281
4150090700,4150037800,4150036600,원이대로,253.714489797396
4150090800,4150036600,4150037800,원이대로,253.714526319705
4150090900,4150050100,4150046700,해원로,1693.27900095027
4150132200,4150024900,4150026800,상남로,181.845616289898
4150103100,4150024800,4150024400,마디미3길,50.602730933385
4150103200,4150024400,4150024800,마디미3길,50.602712328637
4150103300,4150033400,4150031200,단정로58번길,163.67746881149
4150103400,4150031200,4150033400,단정로58번길,163.677670602138
4150103500,4150026000,4150026600,동산로55번길,41.238527558819
4150103600,4150026600,4150026000,동산로55번길,41.23846423911
4150103700,4150027600,4150028100,동산로65번길,40.760455487863
4150104800,4150032600,4150033800,단정로,155.876690224946
4150104900,4150024400,4150025300,토월로,81.803052177214
4150105000,4150030200,4150029600,동산로73번길,37.36719005672
4150105100,4150029600,4150030200,동산로73번길,37.36707840021
4150105200,4150028100,4150028900,동산로65번길,42.939188754207
4150105300,4150028900,4150028100,동산로65번길,42.939206353084
4150105400,4150019300,4150021100,중앙대로,628.820213723654
4150105500,4150021100,4150019300,중앙대로,628.819937494078
4150105600,4150024400,4150023800,상남로58번길,41.987970895655
4150105700,4150023800,4150024400,상남로58번길,41.987985677624
4150105800,4150026600,4150025900,동산로65번길,41.863470958752
4150105900,4150025900,4150026600,동산로65번길,41.863486130187
4150109100,4150022700,4150023100,마디미로,42.085503483762
4150109200,4150023100,4150022700,마디미로,42.085503470906
4150109300,4150031600,4150029300,단정로58번길,120.371384632879
4150005900,4150047400,4150001500,곰절길28번길,220.944394112414
4150012900,4150021300,4150004500,-,83.401919778958
4150015600,4150005400,4150005300,삼귀로,216.202657842022
4150028100,4150037600,4150037900,공단로,31.791960639238
4150017800,4150005800,4150005700,남해안대로,152.409675689485
4150019300,4150043700,4150042200,해원로,323.947590539894
4150021200,4150044100,4150044500,해원로,278.34498464607
4150025100,4150045800,4150046400,해원로,168.661594450397
4150035100,4150051100,4150051600,창원대로,186.923709759777
4150055100,4150041500,4150042000,가양로,204.974329986074
4150051100,4150014700,4150014400,연덕로,135.057137285587
4150051200,4150043200,4150044200,가음로92번길,210.778870520564
4150051300,4150044200,4150043200,가음로92번길,218.059138516182
4150051400,4150050600,4150050400,해원로,233.606740424085
4150051500,4150050400,4150050600,해원로,234.069465568684
4150051600,4150040600,4150041500,가양로,196.787179374471
4150051700,4150041500,4150040600,가양로,196.787124285362
4150051800,4150040600,4150039400,가음정로,174.555637141554
4150051900,4150039400,4150040600,가음정로,174.194627864037
4150052000,4150014700,4150014800,연덕로,177.98385227135
4150052100,4150014800,4150014700,연덕로,179.277286256169
4150052200,4150021600,4150022100,성산패총로,94.292708293944
4150052300,4150022100,4150021600,성산패총로,95.00665965198
4150054900,4150035900,4150035800,창원대로,36.137598575918
4150069400,4150010400,4150010900,월림로49번길,55.779564852606
4150069500,4150010900,4150010400,월림로49번길,55.779522083138
4150069600,4150011900,4150011300,월림로49번길,78.406751017224
4150069700,4150011300,4150011900,월림로49번길,83.838702336016
4150069800,4150010400,4150010100,월림로39번길,99.947234963085
4150069900,4150010100,4150010400,월림로39번길,99.94723496226
4150070000,4150042800,4150046300,가양로,447.302309003705
4150070100,4150046300,4150042800,가양로,454.524564390765
4150097600,4150030300,4150032300,단정로76번길,92.445661901521
4150122300,4150023000,4150022400,단정로,52.577257022481
4150131500,4150030500,4150029900,마디미로,54.251876772692
4150139000,4150021200,4150021800,용지로,153.009651804634
4150146400,4150016800,4150015900,반송로,516.941799817585
4150002000,4150003100,4150003200,창원대로1137번길,100.189156710063
4150010300,4150035000,4150003800,-,74.506338576597
4150054500,4150036000,4150035900,원이대로,63.620470649612
4150057000,4150043800,4150042000,가양로58번길,281.807396836232
4150139400,4150022800,4150021800,원이대로,109.959898781198
4150024900,4150047100,4150047000,곰절길,94.040756601795
4150052400,4150014600,4150014700,연덕로,18.003815620533
4150070200,4150042800,4150041800,가음로,176.457205630109
4140068900,4150015200,4150015800,충혼로,502.611506332033
4140069000,4150015800,4150015200,충혼로,502.61580857889
4140076300,4150018000,4150015800,충혼로72번길,1001.70806005975
4140076400,4150015800,4150018000,충혼로72번길,1001.09530145641
4140080500,4150015800,4150016400,충혼로,621.720798273581
4140080600,4150016400,4150015800,충혼로,622.560227993879
4150013200,4150004500,4150021200,용지로,64.213060459574
4150077000,4150018400,4150018300,남면로,69.406058654438
4150029900,4150036700,4150037500,성주로,135.012309899175
4150000800,4150001600,4150047300,창원대로1137번길,116.322861356383
4150030000,4150037500,4150036700,성주로,135.012227128648
4150000900,4150001700,4150001600,-,35.55051800066
4150000600,4150003100,4150049600,삼정자로52번길,261.975415151718
4150000700,4150047300,4150001600,창원대로1137번길,115.363268077014
4150001000,4150001600,4150001700,-,35.550518016161
4150001300,4150051800,4150002900,삼정자로,324.72317909257
4150001400,4150002900,4150051800,삼정자로,333.531933306679
4150001500,4150003000,4150002900,삼정자로,517.290792808411
4150001600,4150002900,4150003000,삼정자로,519.412165138567
4150001700,4150003100,4150001600,창원대로1137번길,263.45669010461
4150001800,4150001600,4150003100,창원대로1137번길,263.616253185097
4150001900,4150003200,4150003100,창원대로1137번길,100.189238404107
4150002100,4150017500,4150017800,두대로,380.039981269549
4150002200,4150017800,4150017500,두대로,379.77076822003
4150003400,4150003500,4150050000,삼정자로63번길,189.992139552611
4150003500,4150047100,4150001500,곰절길18번길,136.148825502597
4150003600,4150001500,4150047100,곰절길18번길,136.148836209992
4150003700,4150049900,4150003500,삼정자로63번길,220.763803790693
4150003800,4150003500,4150049900,삼정자로63번길,220.763803795604
4150003900,4150002100,4150001800,불모산로62번길,159.536399418247
4150004000,4150001800,4150002100,불모산로62번길,159.536362654319
4150004100,4150001400,4150001300,-,96.19116119436
4150004200,4150001300,4150001400,-,96.191097119185
4150004300,4150047400,4150001400,곰절길27번길,181.231995123811
4150004400,4150001400,4150047400,곰절길27번길,162.529404828834
4150004500,4150047100,4150001400,곰절길17번길,106.774864372794
4150004600,4150001400,4150047100,곰절길17번길,106.774874629299
4150000100,4150014500,4150000600,삼동로,161.73072581016
4150000200,4150000600,4150014500,삼동로,161.208512654692
4150000500,4150049600,4150003100,삼정자로52번길,254.813161929617
4150004700,4150047000,4150001300,곰절길9번길,106.825020669093
4150004800,4150001300,4150047000,곰절길9번길,107.088921210315
4150004900,4150005700,4150000200,귀산로,771.681606661083
4150005000,4150000200,4150005700,귀산로,778.683913052294
4150007100,4150013700,4150000400,창곡로108번길,143.910709328228
4150007200,4150000400,4150013700,창곡로108번길,146.208683758355
4150005100,4150005200,4150005000,삼귀로,1321.17607298414
4150005200,4150005000,4150005200,삼귀로,1368.98898243577
4150005300,4150004700,4150000100,적현로279번길,770.352195339312
4150005400,4150000100,4150004700,적현로279번길,776.723404544662
4150005500,4150005300,4150000200,삼귀로393번길,567.992558546806
4150005600,4150000200,4150005300,삼귀로393번길,579.577780929432
4150005700,4150005400,4150000200,귀산로,567.777822215811
4150005800,4150000200,4150005400,귀산로,556.503987222323
4150006000,4150001500,4150047400,곰절길28번길,245.524479287236
4150006100,4150047000,4150001500,곰절길10번길,238.470680220032
4150006200,4150001500,4150047000,곰절길10번길,215.392176624068
4150006300,4150013900,4150009100,웅남로,1553.55062506113
4150006400,4150009100,4150013900,웅남로,1546.55153319839
4150006500,4150009100,4150006100,웅남로,1517.93139491954
4150006600,4150006100,4150009100,웅남로,1518.54135323008
4150006700,4150007900,4150000300,봉양로,146.334677531086
4150006800,4150000300,4150007900,봉양로,146.634118263718
4150006900,4150036300,4150000800,안민로160번길,125.321612054271
4150007000,4150000800,4150036300,안민로160번길,146.633496165352
4150013100,4150021200,4150004500,용지로,64.21312292074
4150007300,4150017200,4150000500,공단로474번길,1225.1447053038
4150007400,4150000500,4150017200,공단로474번길,1189.08117787504
4150007700,4150042900,4150001100,공단로788번길,455.662638485163
4150007800,4150001100,4150042900,공단로788번길,461.979138214096
4150007900,4150001300,4150001200,곰절길9번길,161.786832151888
4150008000,4150001200,4150001300,곰절길9번길,185.38536908732
4150008100,4150002300,4150002200,불모산로24번길,347.190508123885
4150008200,4150002200,4150002300,불모산로24번길,368.118469399804
4150008300,4150002500,4150001800,불모산로,132.290736177695
4150008400,4150001800,4150002500,불모산로,129.35468282412
4150008500,4150052000,4150002200,불모산로,146.626351883887
4150008600,4150002200,4150052000,불모산로,146.626351870092
4150008700,4150002400,4150002300,불모산로48번길,123.777657081814
4150008800,4150002300,4150002400,불모산로48번길,121.991819887846
4150035900,4150034100,4150026900,정동로,682.056055132397
4150008900,4150002400,4150001800,불모산로,130.432603364446
4150009000,4150001800,4150002400,불모산로,130.48090575468
4150009100,4150002600,4150002500,불모산로66번길,229.72669022507
4150009200,4150002500,4150002600,불모산로66번길,256.481596979235
4150009300,4150002700,4150002500,불모산로66번길,91.864905742708
4150009400,4150002500,4150002700,불모산로66번길,97.783637154215
4150009500,4150048100,4150003600,외리로14번길,149.831405953068
4150009600,4150003600,4150048100,외리로14번길,150.789182199182
4150009700,4150048600,4150003600,삼정자로43번길,204.883947960331
4150009800,4150003600,4150048600,삼정자로43번길,204.883603581682
4150009900,4150049500,4150049900,삼정자로63번길,371.417892873197
4150010000,4150049900,4150049500,삼정자로63번길,385.745717222803
4150010100,4150050600,4150049400,해원로,466.514498125476
4150010200,4150049400,4150050600,해원로,331.781828896476
4150010400,4150003800,4150035000,-,74.50633857671
4150010500,4150034900,4150029500,가음정로,442.932381660764
4150010600,4150029500,4150034900,가음정로,441.003142576552
4150010700,4150035500,4150003700,가음정로23번길,268.022547766493
4150010800,4150003700,4150035500,가음정로23번길,258.907086915904
4150010900,4150036100,4150003900,가음정로,214.703804104998
4150011000,4150003900,4150036100,가음정로,214.381429967614
4150011100,4150034900,4150003900,가음정로,242.573852912692
4150011200,4150003900,4150034900,가음정로,242.519768155518
4150011300,4150004000,4150003900,가음정로67번길,257.697878102189
4150011400,4150003900,4150004000,가음정로67번길,257.697878098926
4150011500,4150037200,4150004000,원이대로878번길,217.600964250814
4150011600,4150004000,4150037200,원이대로878번길,217.252778971082
4150011700,4150035500,4150004000,원이대로878번길,233.556378092464
4150011800,4150004000,4150035500,원이대로878번길,233.992877850972
4150011900,4150042600,4150004100,가음로13번길,153.60123986151
4150012000,4150004100,4150042600,가음로13번길,153.677259427711
4150012100,4150044000,4150004200,대정로,220.005893879806
4150012200,4150004200,4150044000,대정로,218.666740031191
4150012300,4150043600,4150004300,비음로,1165.32695624931
4150012400,4150004300,4150043600,비음로,1165.26643870422
4150012500,4150020600,4150004400,토월로43번길,250.22002771446
4150012600,4150004400,4150020600,토월로43번길,250.309939633158
4150012700,4150024100,4150024600,토월로,184.235265777286
4150012800,4150024600,4150024100,토월로,173.985118654452
4150013000,4150004500,4150021300,-,83.401974177528
4150013300,4150038000,4150000900,안민로190번길,258.705884951131
4150028000,4150037900,4150037600,공단로,31.791821173206
4150013400,4150000900,4150038000,안민로190번길,251.733047761916
4150013500,4150052500,4150001900,불모산로62번길,340.775593206482
4150013600,4150001900,4150052500,불모산로62번길,533.854778663505
4150013700,4150002400,4150002200,불모산로,237.43323168093
4150013800,4150002200,4150002400,불모산로,238.719029380993
4150013900,4150003600,4150003500,외리로14번길,216.717658336059
4150014000,4150003500,4150003600,외리로14번길,219.632973130776
4150014100,4150049000,4150003600,삼정자로43번길,171.474874814992
4150014200,4150003600,4150049000,삼정자로43번길,169.505266640275
4150014300,4150024200,4150004400,토월로43번길,243.077382259374
4150014400,4150004400,4150024200,토월로43번길,248.863479805154
4150014500,4150022600,4150004500,중앙로,116.265533021005
4150014600,4150004500,4150022600,중앙로,116.265630900283
4150017400,4150005900,4150006200,남해안대로,245.895325761969
4150014700,4150004600,4150052600,창원대로,368.676089470621
4150014900,4150001800,4150002000,창원대로,85.281623643468
4150015100,4150002000,4150004600,창원대로,137.418016628869
4150015300,4150001900,4150051500,남해안대로,399.676266538373
4150015400,4150005600,4150005400,삼귀로,740.597579623434
4150015500,4150005400,4150005600,삼귀로,746.625785619708
4150015700,4150005300,4150005400,삼귀로,202.307402121971
4150015800,4150005200,4150005300,삼귀로,249.281022908438
4150015900,4150005300,4150005200,삼귀로,273.938552692118
4150022000,4150044500,4150045700,공단로,112.461928684335
4150016200,4150005000,4150004800,삼귀로,2278.29019297991
4150016300,4150004800,4150005000,삼귀로,2282.9093502234
4150016400,4150005100,4150005500,남해안대로,822.712669118815
4150016500,4150005500,4150005100,남해안대로,814.643244760909
4150016600,4150005500,4150005900,남해안대로,568.341404770974
4150016700,4150005900,4150005500,남해안대로,569.031340867603
4150016800,4150005500,4150005800,남해안대로,978.577153299088
4150016900,4150005800,4150005500,남해안대로,413.560802585286
4150017700,4150005800,4150005900,남해안대로,672.508422969067
4150018000,4150006200,4150006800,남해안대로,439.374254281829
4150018600,4150004800,4150004900,적현로,1041.5291221302
4150018700,4150004900,4150004800,적현로,1038.08568752253
4150019700,4150043700,4150043500,해원로,142.963101831692
4150077100,4150018300,4150018400,남면로,69.406001443022
4150017000,4150042400,4150034000,안민고개길,3156.69073196694
4150017100,4150034000,4150042400,안민고개길,3166.68775227592
4150017200,4150042100,4150043500,해원로,1168.42866073611
4150017300,4150043500,4150042100,해원로,1168.02278408712
4150074100,4150007300,4150007400,공단로,48.514954217891
4150017500,4150006200,4150005900,남해안대로,245.311666026124
4150017600,4150005900,4150005800,남해안대로,458.998752689528
4150017900,4150005700,4150005800,남해안대로,133.589560638172
4150019000,4150008000,4150008900,남해안대로,1110.66475877482
4150019100,4150008900,4150008000,남해안대로,1109.59965101038
4150019200,4150042200,4150043700,해원로,531.05207582258
4150019400,4150042200,4150041300,해원로,216.332893736028
4150019500,4150041300,4150042200,해원로,218.619490948988
4150021300,4150044100,4150045800,해원로,538.576680573057
4150019600,4150043500,4150043700,해원로,150.222165920527
4150019800,4150041300,4150041900,해원로,211.258877471855
4150019900,4150041900,4150041300,해원로,730.809713001173
4150020000,4150041300,4150038500,해원로,501.547392162853
4150020100,4150038500,4150041300,해원로,308.411659003283
4150020200,4150043700,4150044100,해원로,129.727749711496
4150020300,4150044100,4150043700,해원로,129.724337146834
4150020400,4150041900,4150048700,남해안대로,1008.61943510234
4150020500,4150048700,4150041900,남해안대로,1003.16166061763
4150020600,4150038500,4150041900,남해안대로,401.336782798793
4150020700,4150041900,4150038500,남해안대로,395.2462751657
4150020800,4150042900,4150040700,공단로788번길,559.513593270328
4150020900,4150040700,4150042900,공단로788번길,563.751165958668
4150021000,4150038500,4150020800,남해안대로,2013.95907684458
4150021100,4150020800,4150038500,남해안대로,2023.9105061854
4150021400,4150045800,4150044100,해원로,543.184112086626
4150021500,4150044100,4150042900,바람골길,393.517089810331
4150021600,4150052900,4150052700,남해안대로,1116.9221623614
4150021700,4150052700,4150052900,남해안대로,1116.98246966288
4150021800,4150052700,4150052500,남해안대로,995.189094462303
4150021900,4150052500,4150052700,남해안대로,1000.86076377896
4150022100,4150045700,4150044500,공단로,109.693080975938
4150022200,4150044300,4150044500,공단로,50.670722299387
4150022300,4150044500,4150044300,공단로,50.670523084164
4150022400,4150044300,4150044800,해원로,94.552339224222
4150022500,4150044800,4150044300,해원로,96.632662639918
4150022600,4150044300,4150044100,해원로,271.255383945084
4150022700,4150044300,4150040700,공단로,520.258960443388
4150027900,4150034200,4150034000,안민로,48.425438675236
4150022800,4150040700,4150044300,공단로,519.044254411657
4150022900,4150010000,4150009700,진해대로,508.894460143354
4150023000,4150009700,4150010000,진해대로,506.763603676578
4150023100,4150010000,4150009000,남해안대로,978.687595882032
4150023200,4150044800,4150045800,해원로,225.181505680998
4150023300,4150048700,4150051500,남해안대로,490.64552118584
4150023400,4150051500,4150048700,남해안대로,498.441624990799
4150023500,4150036300,4150038000,안민로,278.303210461824
4150023600,4150038000,4150036300,안민로,280.5743659842
4150023700,4150052500,4150051500,남해안대로,616.3279273165
4150023800,4150051500,4150052500,남해안대로,610.658280339053
4150023900,4150036300,4150034000,안민로,744.18946261637
4150025200,4150046400,4150045800,해원로,169.58466025841
4150025300,4150004900,4150008300,두산볼보로,3243.07147483466
4150025400,4150008300,4150004900,두산볼보로,3238.70270853891
4150025500,4150004900,4150004700,적현로,2103.5749112948
4150025600,4150004700,4150004900,적현로,2113.64850706904
4150025900,4150047000,4150046400,곰절길,114.722858354871
4150026000,4150046400,4150047000,곰절길,108.813761327041
4150026100,4150038000,4150039000,안민로,55.911781361629
4150026200,4150039000,4150038000,안민로,58.566149553203
4150026300,4150008900,4150009200,남해안대로,45.453792571207
4150026400,4150009200,4150008900,남해안대로,45.130001350557
4150026500,4150039000,4150037900,공단로,90.808571736621
4150026600,4150037900,4150039000,공단로,90.808676636392
4150026700,4150046400,4150048200,해원로,533.353267884014
4150026800,4150048200,4150046400,해원로,532.166210555103
4150026900,4150035400,4150035100,안민로79번길,122.382692427837
4150027000,4150035100,4150035400,안민로79번길,136.660790344245
4150027100,4150009200,4150009500,남해안대로,189.551104883671
4150027200,4150009200,4150009400,남해안대로,315.759992928957
4150027300,4150009400,4150009200,남해안대로,317.255011141608
4150027400,4150035100,4150035300,안민로101번길,153.859585752579
4150027500,4150035300,4150035100,안민로101번길,153.859499475549
4150027600,4150035100,4150034200,안민로79번길,142.402970725505
4150027700,4150034200,4150035100,안민로79번길,141.149254848494
4150027800,4150034000,4150034200,안민로,48.425411239472
4150028200,4150009500,4150010000,남해안대로,572.919721787816
4150030600,4150017000,4150020800,남해안대로,1293.94316985606
4150028300,4150009500,4150008500,남해안대로,1063.39472675252
4150028400,4150009700,4150008700,봉양로,577.955564117104
4150028500,4150008700,4150009700,봉양로,582.124601700607
4150028600,4150037600,4150037400,공단로,70.79634085504
4150028700,4150037400,4150037600,공단로,70.796391554387
4150028800,4150034200,4150032200,안민로,298.012243917817
4150028900,4150032200,4150034200,안민로,290.222256657274
4150029000,4150036200,4150036700,성주로,150.063281939687
4150029100,4150036700,4150036200,성주로,149.908636930912
4150029200,4150037100,4150037400,안민안길,49.032649225036
4150029300,4150037400,4150037100,안민안길,45.778784214058
4150029400,4150009000,4150009200,남해안대로,86.271187141335
4150029500,4150037400,4150036700,공단로,106.83233583188
4150029600,4150036700,4150037400,공단로,104.476333999448
4150029700,4150052800,4150052600,창원대로,1067.08910187242
4150029800,4150052600,4150052800,창원대로,1063.40676106635
4150030100,4150036700,4150026900,공단로,1159.98484796236
4150043200,4150043300,4150042300,창원대로,197.853256369625
4150030200,4150026900,4150036700,공단로,1159.28308875804
4150030300,4150020800,4150024000,정동로,578.178589855833
4150030400,4150024000,4150020800,정동로,571.854650413551
4150030500,4150020800,4150017000,남해안대로,1300.96764804208
4150031600,4150034800,4150037500,웅남로,1210.02278724894
4150031700,4150008300,4150008600,두산볼보로,70.592135901255
4150031800,4150008600,4150008300,두산볼보로,69.004349852054
4150031900,4150008600,4150008700,두산볼보로,42.087193973761
4150032000,4150008700,4150008600,두산볼보로,40.466380146734
4150032100,4150008700,4150008500,봉양로,381.05880743684
4150032200,4150008500,4150008700,봉양로,386.876199065808
4150032300,4150038300,4150041600,성주로,662.932706142455
4150032400,4150041600,4150038300,성주로,663.020833739392
4150032500,4150048200,4150049100,해원로,303.9256109746
4150032600,4150049100,4150048200,해원로,308.259700304215
4150032700,4150052000,4150052100,불모산로10번길,78.633523419286
4150032800,4150052100,4150052000,불모산로10번길,74.882088030257
4150032900,4150052600,4150052300,창원대로,156.826604810344
4150033000,4150052300,4150052600,창원대로,158.742292642299
4150033100,4150024000,4150026900,정동로,302.631795984904
4150033200,4150026900,4150024000,정동로,303.203149162487
4150033300,4150052100,4150052600,창원대로,217.93671354764
4150033400,4150052300,4150052200,창원대로,59.119509838278
4150033500,4150052200,4150052300,창원대로,59.122155548564
4150033600,4150052100,4150051600,창원대로,379.142834715792
4150033700,4150051600,4150052100,창원대로,377.7015776627
4150033800,4150052200,4150051900,창원대로,81.198620219962
4150033900,4150052200,4150048500,창원대로,926.92387008646
4150082700,4150009600,4150009100,공단로103번길,572.82375092261
4150034000,4150048500,4150052200,창원대로,928.322797784069
4150034100,4150049100,4150051100,해원로,250.329708635317
4150034200,4150049100,4150049800,해원로,272.043868609448
4150034300,4150049800,4150049100,해원로,269.342913244669
4150034400,4150051900,4150051700,창원대로,311.292720377495
4150034500,4150051700,4150051900,창원대로,309.530843933491
4150034600,4150051600,4150051700,창원대로,40.833181207152
4150034700,4150051700,4150051600,창원대로,40.883800370997
4150034800,4150008500,4150009000,남해안대로,780.242478600927
4150034900,4150008500,4150008400,봉양로,120.730820155719
4150035000,4150008400,4150008500,봉양로,120.137711894342
4150035200,4150051700,4150051200,창원대로,188.248512266079
4150035300,4150051200,4150048500,창원대로,355.127873426882
4150035400,4150051200,4150049700,해원로,175.540426580786
4150035500,4150051200,4150050800,해원로,621.091386742198
4150035600,4150049200,4150049100,해원로,131.2280337949
4150035700,4150049200,4150051100,창원대로,237.635828350696
4150035800,4150026900,4150034100,정동로,682.056248689385
4150036000,4150026900,4150026100,공단로,41.583290900725
4150036100,4150026100,4150026900,공단로,41.851428551546
4150036200,4150008400,4150007900,봉양로,1098.21630042099
4150036300,4150007900,4150008400,봉양로,1093.68366606901
4150036400,4150048500,4150049200,창원대로,129.267377942995
4150036500,4150008400,4150008200,신촌로,210.177991757556
4150036600,4150008200,4150008400,신촌로,219.605257425852
4150036700,4150049700,4150048200,해원로,541.729545830879
4150036800,4150048500,4150047600,창원대로,144.163589590044
4150036900,4150047600,4150048500,창원대로,145.551606663595
4150037000,4150026100,4150019900,공단로,860.785436930398
4150037100,4150019900,4150026100,공단로,860.850231003475
4150037200,4150049800,4150050800,해원로,496.109689924679
4150037300,4150050800,4150049800,해원로,493.873892643431
4150037800,4150006900,4150007500,신촌로134번길,328.430660051491
4150037900,4150007500,4150006900,신촌로134번길,332.924442437733
4150038000,4150047600,4150047300,창원대로,51.834031150522
4150038100,4150047300,4150047600,창원대로,51.787416055186
4150038200,4150018600,4150019900,성산패총로,465.548239855527
4150038300,4150019900,4150018600,성산패총로,465.393888817132
4150038400,4150047300,4150046500,창원대로,200.82378992806
4150038500,4150046500,4150047300,창원대로,199.379040384552
4150038600,4150007500,4150007800,신촌로134번길,25.123799852892
4150038700,4150007800,4150007500,신촌로134번길,25.123773208871
4150038800,4150007800,4150008200,신촌로134번길,78.189091102091
4150038900,4150008200,4150007800,신촌로134번길,78.188993814455
4150039000,4150008200,4150008100,신촌로,276.035992734092
4150039100,4150008100,4150008200,신촌로,276.036051165755
4150039200,4150017000,4150017200,공단로474번길,38.471578971039
4150039300,4150017200,4150017000,공단로474번길,40.735300626722
4150039400,4150017000,4150014900,남해안대로,1047.23172915053
4150039500,4150014900,4150017000,남해안대로,1049.61642080027
4150039600,4150017200,4150018100,공단로474번길,693.81885259878
4150039700,4150018100,4150017200,공단로474번길,696.273866830946
4150039800,4150046500,4150048300,삼정자로,332.147424524516
4150039900,4150048300,4150046500,삼정자로,343.580335720476
4150040000,4150046500,4150045600,창원대로,125.043141699514
4150040100,4150045600,4150046500,창원대로,126.166038626754
4150040200,4150045600,4150043300,창원대로,298.5863822383
4150040300,4150043300,4150045600,창원대로,298.590851036608
4150040400,4150048300,4150049000,삼정자로,140.643987286519
4150040500,4150049000,4150048300,삼정자로,140.643784674878
4150040800,4150049000,4150049600,삼정자로,67.806573382175
4150040900,4150049600,4150049000,삼정자로,67.732620358491
4150041000,4150049600,4150050000,삼정자로,123.842914683027
4150041100,4150050000,4150049600,삼정자로,123.842918441471
4150041200,4150048300,4150048100,외리로,139.923670711325
4150041300,4150048100,4150048300,외리로,140.878360903209
4150041400,4150050000,4150050900,삼정자로,31.948904113027
4150041500,4150050900,4150050000,삼정자로,32.022557344945
4150041600,4150050900,4150051400,삼정자로,43.566487359143
4150041700,4150051400,4150050900,삼정자로,43.566387523462
4150041800,4150042700,4150034800,웅남로709번길,1171.84566346456
4150041900,4150034800,4150042700,웅남로709번길,1159.39800402259
4150042000,4150051400,4150051800,삼정자로,173.642600321985
4150042100,4150051800,4150051400,삼정자로,173.642500363589
4150042200,4150051400,4150051300,삼정자로71번길,406.319990510984
4150042300,4150051300,4150051400,삼정자로71번길,406.319969862881
4150042600,4150008100,4150007600,신촌로,333.812712402088
4150042700,4150007600,4150008100,신촌로,333.812659243551
4150042800,4150048100,4150047700,외리로,204.959265889664
4150042900,4150047700,4150048100,외리로,205.185974105783
4150043300,4150042300,4150043300,창원대로,197.851042940742
4150043400,4150019900,4150021600,성산패총로,679.66010289561
4150043500,4150021600,4150019900,성산패총로,679.165676641245
4150043600,4150034800,4150034100,웅남로,117.293051275984
4150043700,4150034100,4150034800,웅남로,117.29319019477
4150043800,4150019900,4150018100,공단로,489.756221973392
4150043900,4150018100,4150019900,공단로,489.652269028489
4150044000,4150050800,4150050600,해원로,438.965588482422
4150044100,4150050600,4150050800,해원로,434.948076594645
4150044200,4150004700,4150006100,적현로,2591.5871086217
4150044300,4150006100,4150004700,적현로,2599.42066234746
4150044400,4150034100,4150034500,정동로,90.429244964986
4150044500,4150034500,4150034100,정동로,90.42924495876
4150044600,4150034100,4150021600,웅남로,903.53346769087
4150044700,4150021600,4150034100,웅남로,903.243977874115
4150044800,4150042300,4150039700,창원대로,419.20225351001
4150044900,4150039700,4150042300,창원대로,419.096886613267
4150045000,4150013600,4150013800,남해안대로,133.141426645776
4150045100,4150013800,4150013600,남해안대로,137.1590082127
4150045400,4150014900,4150013800,남해안대로,536.150920052259
4150045500,4150013800,4150014900,남해안대로,524.045579539786
4150045600,4150014900,4150014400,연덕로,446.728070112402
4150055000,4150035800,4150035900,창원대로,34.773255106213
4150089000,4150033100,4150032700,동산로,85.594473094708
4150045700,4150014400,4150014900,연덕로,624.460237464164
4150045800,4150034500,4150035900,정동로,583.283053078455
4150045900,4150035900,4150034500,정동로,582.801004165182
4150046000,4150044400,4150042500,가음정로,300.084712576852
4150046100,4150042500,4150044400,가음정로,298.625946315561
4150046200,4150034500,4150034300,남면로,42.986132774424
4150046300,4150034300,4150034500,남면로,42.986215679061
4150046400,4150047700,4150048600,외리로34번길,129.419122140041
4150046500,4150048600,4150047700,외리로34번길,128.321424028252
4150046600,4150034300,4150022100,남면로,861.554210938349
4150046700,4150022100,4150034300,남면로,861.554737407646
4150046800,4150047700,4150047200,외리로,283.380348884078
4150046900,4150047200,4150047700,외리로,294.546415542238
4150050200,4150045900,4150045100,가음로,68.603390308303
4150047000,4150013800,4150014400,연덕로,881.488546031827
4150047100,4150014400,4150013800,남해안대로,384.111204044783
4150047200,4150048600,4150049900,외리로34번길,265.213724745909
4150047300,4150049900,4150048600,외리로34번길,267.053328276608
4150047400,4150049900,4150050700,외리로34번길,40.012136713909
4150047500,4150050700,4150049900,외리로34번길,40.334775834109
4150047600,4150050700,4150051300,삼정자로71번길,30.819315835106
4150047700,4150051300,4150050700,삼정자로71번길,30.819200222241
4150047800,4150051300,4150051000,삼정자로71번길,234.009554928308
4150047900,4150051000,4150051300,삼정자로71번길,234.009542729437
4150048000,4150007600,4150007100,신촌로,729.415055949718
4150048100,4150007100,4150007600,신촌로,729.862946475385
4150048200,4150018100,4150019600,공단로473번길,678.303278537763
4150048300,4150019600,4150018100,공단로473번길,678.303141457733
4150048400,4150045000,4150045900,창이대로,133.355594981867
4150048500,4150045900,4150045000,창이대로,133.355594976492
4150048600,4150018100,4150016100,공단로,879.802503780498
4150048700,4150016100,4150018100,공단로,879.680576781888
4150048800,4150042500,4150043200,가음로92번길,180.131395068454
4150048900,4150043200,4150042500,가음로92번길,180.131533991729
4150049000,4150042500,4150040600,가음정로,317.287114572952
4150049100,4150040600,4150042500,가음정로,317.287336506169
4150049200,4150039700,4150040600,가양로,195.720332720347
4150049300,4150040600,4150039700,가양로,195.770368366393
4150049400,4150039700,4150035900,창원대로,543.60291106005
4150049500,4150035900,4150039700,창원대로,543.908159310998
4150049600,4150015700,4150016100,완암로,509.36049609338
4150049700,4150016100,4150015700,완암로,509.291296625959
4150049800,4150045900,4150047200,대암로,228.896386426204
4150049900,4150047200,4150045900,대암로,226.149492694787
4150050000,4150045900,4150046800,창이대로,271.509403663505
4150050100,4150046800,4150045900,창이대로,265.377397501751
4150050300,4150045100,4150045900,가음로,73.848221515421
4150050400,4150045100,4150044200,가음로,220.097937384751
4150050500,4150044200,4150045100,가음로,223.915948491447
4150055200,4150042000,4150041500,가양로,204.974301675816
4150050600,4150047200,4150049500,대암로,433.972823029156
4150050700,4150049500,4150047200,대암로,417.527712447528
4150050800,4150045100,4150043200,가음로116번길,249.539960123182
4150050900,4150043200,4150045100,가음로116번길,256.558210704068
4150051000,4150014400,4150014700,연덕로,131.356095641345
4150052500,4150014700,4150014600,연덕로,18.003873056336
4150052600,4150021600,4150019600,웅남로,487.164031665622
4150052700,4150019600,4150021600,웅남로,487.164253481857
4150052800,4150039400,4150040300,대정로,196.041771131798
4150052900,4150040300,4150039400,대정로,196.04174234116
4150053000,4150014600,4150013700,창곡로,433.815242755231
4150054800,4150046800,4150043800,가음로83번길,357.774918592717
4150053100,4150013700,4150014600,창곡로,428.283217617704
4150055300,4150022100,4150027100,성산패총로,585.218380256695
4150055400,4150027100,4150022100,성산패총로,584.183049202298
4150055500,4150041500,4150040300,대정로20번길,174.761011187046
4150055600,4150040300,4150041500,대정로20번길,175.136599837557
4150055700,4150022100,4150018400,남면로,906.257518646361
4150055800,4150018400,4150022100,남면로,905.646132838057
4150055900,4150035800,4150035000,창원대로,280.973518346748
4150056000,4150035000,4150035800,창원대로,282.768087244968
4150056100,4150043900,4150046800,가음로85번길,343.552815468495
4150056200,4150036000,4150036100,원이대로,122.138942895229
4150056300,4150036100,4150036000,원이대로,119.722938294828
4150056400,4150043900,4150043800,가음로,13.891766514644
4150056500,4150043800,4150043900,가음로,13.891766517128
4150056600,4150037300,4150037000,가음정로,28.533863761027
4150056700,4150037000,4150037300,가음정로,28.533977898828
4150056800,4150043800,4150043400,가음로,142.912911813203
4150056900,4150043400,4150043800,가음로,142.912829157208
4150082800,4150009100,4150009600,공단로103번길,573.252309601618
4150057100,4150010300,4150010700,-,83.572184115166
4150057200,4150010700,4150010300,-,66.110820994665
4150057300,4150014800,4150015000,연덕로,126.515064924098
4150057400,4150015000,4150014800,연덕로,123.457044395955
4150060600,4150017300,4150016100,완암로,680.632679961618
4150053200,4150007900,4150007200,봉양로,337.652881304584
4150053300,4150007200,4150007900,봉양로,327.529457280803
4150053400,4150039400,4150038400,가음정로,79.78724024311
4150053500,4150038400,4150039400,가음정로,79.787377764417
4150053600,4150049500,4150049400,대암로,120.847629230388
4150053700,4150049400,4150049500,대암로,118.813807945987
4150053800,4150046800,4150049300,창이대로901번길,445.84037407726
4150053900,4150049300,4150046800,창이대로899번길,430.96781835912
4150054000,4150044200,4150043900,가음로,68.488836280096
4150054100,4150043900,4150044200,가음로,68.488795882279
4150054200,4150046800,4150046900,창이대로,193.138908922197
4150054300,4150046900,4150046800,창이대로,186.849627593775
4150054400,4150035900,4150036000,원이대로,61.207184657302
4150054600,4150038400,4150037300,가음정로,114.216636846534
4150054700,4150037300,4150038400,가음정로,114.216775559974
4150057500,4150009300,4150008800,반월로,573.943408112512
4150057600,4150008800,4150009300,반월로,571.867864558394
4150057700,4150014800,4150014000,연덕로15번길,488.813925533022
4150057800,4150014000,4150014800,연덕로15번길,492.099596166381
4150057900,4150050400,4150050300,해원로,48.499136522802
4150058000,4150050300,4150050400,해원로,48.499036535258
4150058100,4150037000,4150036100,가음정로,144.335980653995
4150058200,4150036100,4150037000,가음정로,143.852632945982
4150058300,4150049400,4150049300,대암로,21.150651168655
4150058400,4150049300,4150049400,대암로,21.150651164234
4150058500,4150010700,4150012100,월림로,224.323809648046
4150058600,4150012100,4150010700,월림로,205.766569714838
4150058700,4150049300,4150050500,해원로,673.821724993211
4150058800,4150050500,4150049300,해원로,561.848739193092
4150058900,4150010700,4150010600,월림로,53.582138617955
4150059000,4150010600,4150010700,월림로,53.582166276215
4150059100,4150049300,4150048800,대암로,187.750655860997
4150059200,4150048800,4150049300,대암로,201.20409248018
4150059300,4150040300,4150040500,대정로,62.050104727101
4150059400,4150040500,4150040300,대정로,62.050186828527
4150059500,4150012600,4150012800,월림로65번길,166.775185690429
4150059600,4150012800,4150012600,월림로65번길,129.954982355274
4150059700,4150012600,4150012700,-,45.371967942372
4150059800,4150012700,4150012600,-,45.371967945594
4150059900,4150040300,4150038600,원이대로883번길,187.828125356238
4150060000,4150038600,4150040300,원이대로883번길,187.828263762015
4150060100,4150012600,4150011600,월림로67번길,221.67250821784
4150060200,4150011600,4150012600,월림로67번길,221.672707295381
4150060300,4150050300,4150050500,해원로,439.823432481732
4150060400,4150050500,4150050300,해원로,439.7496077198
4150060500,4150016100,4150017300,완암로,682.200596525795
4150063500,4150014000,4150015000,연덕로27번길,612.177361315456
4150060700,4150011600,4150011700,-,43.794253321604
4150060800,4150011700,4150011600,-,43.794063385597
4150060900,4150016100,4150015300,공단로,524.557735183101
4150061000,4150015300,4150016100,공단로,524.246071383582
4150061100,4150036100,4150036900,원이대로,201.173016482198
4150061200,4150036900,4150036100,원이대로,201.169976120816
4150061300,4150011600,4150010600,월림로67번길,126.862631394811
4150061400,4150010600,4150011600,월림로67번길,133.903786660265
4150061500,4150010600,4150011000,월림로65번길,55.250261892602
4150061600,4150011000,4150010600,월림로65번길,55.250187458867
4150061700,4150010600,4150010200,월림로,155.852444462041
4150061800,4150010200,4150010600,월림로,155.85240892008
4150061900,4150013700,4150013400,창곡로,563.965669280974
4150062000,4150013400,4150013700,창곡로,570.04940040413
4150062100,4150040500,4150041400,대정로,143.469338725069
4150062200,4150041400,4150040500,대정로,143.469366074103
4150062300,4150012700,4150012800,월림로65번길,27.763940710154
4150062400,4150012800,4150012700,월림로65번길,27.763953783552
4150062500,4150012700,4150011700,월림로65번길,220.379727331833
4150062600,4150011700,4150012700,월림로65번길,220.380017310672
4150062700,4150046900,4150048800,창이대로881번길,322.769072916809
4150062800,4150048800,4150046900,창이대로881번길,322.768685250541
4150062900,4150042000,4150043900,가양로56번길,299.057143981486
4150063000,4150015000,4150015300,연덕로,296.521864543208
4150063100,4150015300,4150015000,연덕로,299.470039202658
4150063200,4150046900,4150046300,창이대로,281.736184567125
4150063300,4150046300,4150046900,창이대로,281.360979172084
4150063400,4150015000,4150014000,연덕로27번길,622.69215066362
4150063600,4150035000,4150033900,창원대로,150.357899835612
4150063700,4150033900,4150035000,창원대로,148.56369149095
4150063800,4150042000,4150042800,가양로,167.856319011629
4150063900,4150042800,4150042000,가양로,167.856374519014
4150064000,4150011700,4150011800,월림로65번길,47.903283171302
4150064100,4150011800,4150011700,월림로65번길,48.414234057866
4150064200,4150011000,4150011700,월림로65번길,97.83811878621
4150064300,4150011700,4150011000,월림로65번길,94.513289013762
4150064400,4150011000,4150011200,월림로65번길,56.466943212458
4150064500,4150011200,4150011000,월림로65번길,56.466943214297
4150064600,4150042000,4150041400,대정로40번길,173.088683811724
4150064700,4150041400,4150042000,대정로40번길,173.088962211776
4150064800,4150043400,4150042800,가음로,169.217172162686
4150064900,4150042800,4150043400,가음로,165.06340613539
4150065000,4150012800,4150012200,월림로65번길,117.924081841665
4150065100,4150012200,4150012800,월림로65번길,120.810123159733
4150065200,4150011000,4150010400,월림로49번길,132.202814366555
4150065300,4150010400,4150011000,월림로49번길,132.202818389561
4150065400,4150019600,4150017300,웅남로,880.817167224768
4150065500,4150017300,4150019600,웅남로,880.774731929057
4150065600,4150038600,4150038200,원이대로883번길,35.534550093533
4150065700,4150038200,4150038600,원이대로883번길,35.534493558201
4150065800,4150011800,4150012200,월림로65번길,118.48090334176
4150065900,4150012200,4150011800,월림로65번길,110.242941556547
4150066000,4150011200,4150011500,월림로65번길,41.299495322745
4150066100,4150011500,4150011200,월림로65번길,41.299420872852
4150066200,4150011800,4150011500,월림로65번길,49.877324675647
4150066300,4150011500,4150011800,월림로65번길,48.651806601163
4150066400,4150011200,4150010900,월림로49번길,112.104827964707
4150066500,4150010900,4150011200,월림로49번길,112.104695921539
4150066600,4150038200,4150036900,원이대로883번길,138.013357627088
4150066700,4150036900,4150038200,원이대로883번길,137.781817819446
4150066800,4150012200,4150011900,월림로65번길,123.927991541965
4150066900,4150011900,4150012200,월림로65번길,123.928073530377
4150067000,4150007200,4150007300,봉양로,182.009288093886
4150067100,4150007300,4150007200,봉양로,183.011187807562
4150067200,4150033900,4150034900,가음정로43번길,182.040848767467
4150067300,4150034900,4150033900,가음정로43번길,180.063902475567
4150067400,4150048800,4150048900,대암로,304.312406838414
4150067500,4150048900,4150048800,대암로,299.748578776571
4150067600,4150007200,4150007100,봉양로,133.969413037874
4150075800,4150046300,4150046000,창이대로,273.087528263639
4150089100,4150019800,4150019400,창원대로,43.147798316912
4150067700,4150007100,4150007200,봉양로,135.632524141727
4150067800,4150011500,4150011900,월림로65번길,61.425904809419
4150067900,4150011900,4150011500,월림로65번길,61.425904815415
4150068000,4150033900,4150027100,창원대로,432.294964857837
4150068100,4150027100,4150033900,창원대로,432.277103572192
4150068200,4150011500,4150011100,월림로49번길,96.346484038341
4150068300,4150011100,4150011500,월림로49번길,96.346441132837
4150068400,4150041400,4150041800,대정로,191.847039186141
4150068500,4150041800,4150041400,대정로,191.847010618292
4150068600,4150041400,4150040000,원이대로863번길,207.743154668792
4150068700,4150040000,4150041400,원이대로863번길,207.74334918959
4150068800,4150010200,4150010400,월림로49번길,38.254541805358
4150068900,4150010400,4150010200,월림로49번길,38.254503269974
4150069000,4150010200,4150009900,월림로,100.33222568767
4150069100,4150009900,4150010200,월림로,100.33228417475
4150069200,4150036900,4150037200,원이대로,58.311525523701
4150069300,4150037200,4150036900,원이대로,58.311358273671
4150070300,4150041800,4150042800,가음로,176.329158741658
4150070400,4150007100,4150007000,공단로,57.441018914761
4150070500,4150007000,4150007100,공단로,60.776336409518
4150070600,4150010900,4150011100,월림로49번길,35.413379610459
4150071800,4150007000,4150007300,공단로,190.025998870788
4150071900,4150007300,4150007000,공단로,189.499569733329
4150072000,4150007000,4150006700,공단로,116.108754343202
4150075400,4150008800,4150007700,공단로,480.787891834624
4150075500,4150006600,4150006100,웅남로,500.177219667238
4150075600,4150041800,4150041000,가음로,199.073199577376
4150075700,4150041000,4150041800,가음로,199.49668374631
4150072100,4150006700,4150007000,공단로,121.41901505906
4150072200,4150009900,4150010100,월림로39번길,33.467701803637
4150072300,4150010100,4150009900,월림로39번길,33.467646789098
4150072400,4150009900,4150009800,월림로,411.689388878441
4150072500,4150009800,4150009900,월림로,411.574629259696
4150072600,4150034900,4150035500,가음정로43번길,252.743820022611
4150072700,4150035500,4150034900,가음정로43번길,260.348378543524
4150072800,4150010100,4150010500,월림로39번길,54.327419645285
4150072900,4150010500,4150010100,월림로39번길,54.32728674123
4150073000,4150039800,4150040000,원이대로863번길,17.080495920401
4150073100,4150040000,4150039800,원이대로863번길,17.0804710706
4150073200,4150006700,4150007100,봉양로,165.93500622555
4150073300,4150039800,4150038100,원이대로863번길,139.11184196003
4150073400,4150038100,4150039800,원이대로863번길,138.891433412831
4150073500,4150006700,4150006600,봉양로,71.572030930559
4150073600,4150006600,4150006700,봉양로,71.523159400232
4150073700,4150010500,4150010800,월림로39번길,32.305806116935
4150073800,4150010800,4150010500,월림로39번길,32.305806113151
4150073900,4150015300,4150016000,연덕로,679.426854771443
4150074000,4150016000,4150015300,연덕로,679.213985626923
4150075300,4150007700,4150008800,공단로,480.641653000789
4150075900,4150046000,4150046300,창이대로,273.087551641723
4150076000,4150006600,4150006500,봉양로,150.972233608405
4150076100,4150006500,4150006600,봉양로,152.706951505386
4150077200,4150006500,4150006400,봉양로,63.207529259928
4150077300,4150006400,4150006500,봉양로,60.67605865844
4150077400,4150006100,4150006400,봉양로,462.253711254115
4150077500,4150006100,4150006500,봉양로,223.55679391395
4150077600,4150048900,4150048400,대암로,280.800016760631
4150077700,4150048400,4150048900,대암로,280.800015560059
4150077800,4150050500,4150050200,해원로,480.97434166536
4150077900,4150050200,4150050500,해원로,479.143774613252
4150078000,4150013000,4150013400,월림로39번길,125.666840638963
4150078100,4150013400,4150013000,월림로39번길,116.641804622537
4150078200,4150013000,4150012900,월림로39번길,201.421838520564
4150078300,4150012900,4150013000,월림로39번길,202.936327726301
4150078400,4150006400,4150006300,봉양로,142.633675995745
4150078500,4150006300,4150006400,봉양로,140.865126769475
4150078600,4150018300,4150017400,남면로,392.805134441146
4150078700,4150017400,4150018300,남면로,392.115513324975
4150078800,4150013000,4150012500,월림로39번길,152.310436913964
4150078900,4150012500,4150013000,월림로39번길,152.310561661575
4150079000,4150041000,4150040800,가음로,31.422047942705
4150079100,4150040800,4150041000,가음로,31.421979626629
4150079200,4150008800,4150009600,공단로,283.791739336444
4150079300,4150009600,4150008800,공단로,282.255186594593
4150079400,4150013400,4150013300,창곡로,219.130450022356
4150079500,4150013300,4150013400,창곡로,221.789850360896
4150079600,4150040800,4150039900,가음로,160.978214281461
4150079700,4150039900,4150040800,가음로,152.79655474111
4150079800,4150012500,4150012400,공단로166번길,101.928365969848
4150079900,4150012400,4150012500,공단로166번길,101.928365982752
4150080000,4150029500,4150030600,동산로,205.496524321367
4150080100,4150030600,4150029500,동산로,200.8069604369
4150080200,4150006300,4150006100,적현로,122.946640835798
4150080300,4150006300,4150006000,봉양로,79.043741809699
4150080400,4150006000,4150006300,봉양로,81.239930056649
4150080500,4150044000,4150046000,대정로,196.178813618168
4150080600,4150046000,4150044000,대정로,196.611042996131
4150080700,4150022900,4150023300,토월로,286.700430674897
4150080800,4150023300,4150022900,토월로,281.377408583424
4150080900,4150022900,4150019800,창원대로,622.24803895515
4150081000,4150019800,4150022900,창원대로,622.24856571056
4150081100,4150039900,4150039100,원이대로,243.643963047998
4150084000,4150016200,4150017400,남면로,528.400774333122
4150081200,4150039100,4150039900,원이대로,236.526502813501
4150081300,4150017300,4150017400,완암로,107.354104924219
4150081400,4150017400,4150017300,완암로,107.175956357529
4150081500,4150012400,4150012900,공단로166번길,128.519634312256
4150081600,4150012900,4150012400,공단로166번길,128.519583293657
4150081700,4150017300,4150016000,웅남로,525.198565290515
4150081800,4150016000,4150017300,웅남로,524.972419337144
4150081900,4150046000,4150048400,대정로,410.488816522378
4150082000,4150048400,4150046000,대정로,409.104885794473
4150082100,4150009600,4150009800,공단로,154.906302291935
4150082200,4150009800,4150009600,공단로,155.304547488176
4150082300,4150012400,4150012300,공단로166번길,129.30809398648
4150082400,4150012300,4150012400,공단로166번길,129.308057594892
4150082500,4150046000,4150045300,창이대로,188.076340806325
4150082600,4150045300,4150046000,창이대로,187.734053097156
4150082900,4150012900,4150013300,공단로166번길,124.670393732542
4150083000,4150013300,4150012900,공단로166번길,123.698543147749
4150083100,4150014300,4150015100,공단로271번길,673.461462924551
4150083200,4150015100,4150014300,공단로271번길,673.511470780354
4150083300,4150014300,4150013500,공단로,523.059586422612
4150083400,4150013500,4150014300,공단로,523.285390672564
4150083500,4150009800,4150012000,공단로,459.437596195805
4150083600,4150012000,4150009800,공단로,459.437149383114
4150083700,4150017400,4150018200,완암로,574.208013822482
4150083800,4150018200,4150017400,완암로,574.484035020726
4150083900,4150017400,4150016200,남면로,528.487531143457
4150084100,4150013300,4150013100,창곡로,133.027555622465
4150084200,4150013100,4150013300,창곡로,133.027708815348
4150084300,4150048400,4150048000,대암로,190.137061749889
4150084400,4150048000,4150048400,대암로,190.137156840933
4150084500,4150012300,4150013100,공단로166번길,272.741484426176
4150084600,4150013100,4150012300,공단로166번길,275.573854506627
4150084700,4150012300,4150012000,공단로166번길,150.703193391587
4150084800,4150012000,4150012300,공단로166번길,150.703158419269
4150084900,4150030600,4150030900,동산로,79.864536812967
4150085000,4150030900,4150030600,동산로,79.511076896774
4150085100,4150035600,4150037800,동산로48번길,438.267804324875
4150085200,4150037800,4150035600,동산로48번길,433.079684684762
4150085300,4150045300,4150045200,창이대로,33.317917497386
4150085400,4150045200,4150045300,창이대로,33.317917502855
4150085500,4150035600,4150034400,단정로,461.534446878627
4150085600,4150034400,4150035600,단정로,455.30301170386
4150085700,4150035600,4150031400,동산로48번길,523.386732831904
4150085800,4150031400,4150035600,동산로48번길,535.011185597547
4150085900,4150030900,4150031400,동산로,44.103757193709
4150086000,4150031400,4150030900,동산로,51.432032619413
4150086100,4150039100,4150042600,대암로,430.752281152736
4150086200,4150042600,4150039100,대암로,429.995509057524
4150086300,4150039100,4150037800,원이대로,151.559681258067
4150086400,4150037800,4150039100,원이대로,151.161898993849
4150086500,4150045200,4150044700,창이대로,182.074174115135
4150086600,4150044700,4150045200,창이대로,182.074149369215
4150086700,4150023300,4150023700,토월로,85.17825095747
4150086800,4150023700,4150023300,토월로,85.178155880578
4150086900,4150013100,4150013200,창곡로,162.557005569027
4150087000,4150013200,4150013100,창곡로,164.350693771721
4150087100,4150019500,4150019800,창원대로780번길,70.38288049429
4150087200,4150019800,4150019500,창원대로780번길,75.664816086649
4150087300,4150031400,4150032700,동산로,80.361942692025
4150087400,4150032700,4150031400,동산로,80.361862325607
4150087500,4150023300,4150020600,토월로27번길,469.43773268728
4150087600,4150020600,4150023300,토월로27번길,475.562323776668
4150087700,4150012000,4150013200,공단로,331.596350758812
4150087800,4150013200,4150012000,공단로,331.500272856838
4150087900,4150016000,4150016200,연덕로,112.144459002828
4150088000,4150016200,4150016000,연덕로,112.144404417994
4150088100,4150042600,4150044700,대암로,330.212143093009
4150088200,4150044700,4150042600,대암로,329.410112622054
4150088300,4150016000,4150015100,웅남로,612.062033083002
4150088400,4150015100,4150016000,웅남로,611.747816994608
4150088500,4150048000,4150047900,대암로,25.404882835398
4150088600,4150047900,4150048000,대암로,25.404822635085
4150088700,4150019800,4150020200,상남로,232.643691170962
4150088800,4150020200,4150019800,상남로,232.643608049614
4150088900,4150032700,4150033100,동산로,85.594553571298
4150091000,4150046700,4150050100,해원로,1693.02559491627
4150091100,4150013500,4150013900,삼동로,463.372294321811
4150091200,4150013900,4150013500,삼동로,463.37218528463
4150091300,4150013500,4150013200,공단로,201.323770746963
4150091400,4150013200,4150013500,공단로,195.328997275255
4150091500,4150034600,4150033600,동산로72번길,131.630321807495
4150091600,4150033600,4150034600,동산로72번길,133.006196586682
4150091700,4150016200,4150017100,효성로,573.021368518587
4150091800,4150017100,4150016200,효성로,573.021119840603
4150091900,4150032400,4150032900,단정로76번길,42.073686345322
4150092000,4150032900,4150032400,단정로76번길,42.073686335874
4150092100,4150033100,4150033600,동산로,73.557829811471
4150092300,4150016200,4150014100,남면로,1170.35697536099
4150092400,4150014100,4150016200,남면로,1165.62682463479
4150092500,4150032400,4150030100,동산로61번길,110.518365573007
4150092600,4150030100,4150032400,동산로61번길,110.518505656872
4150092700,4150025100,4150025400,토월로44번길,166.572765827745
4150093800,4150030100,4150029700,동산로55번길,45.08748433083
4150093900,4150032900,4150032300,단정로76번길,110.196384070973
4150094000,4150032300,4150032900,단정로76번길,98.598193939686
4150094100,4150045400,4150046600,대암로,156.480052270605
4150094200,4150046600,4150045400,대암로,156.479831703612
4150097900,4150029800,4150030300,동산로65번길,43.598034745116
4150094300,4150047500,4150046200,대암로77번길,525.58058935418
4150094400,4150046200,4150047500,대암로77번길,489.498442076763
4150094500,4150029700,4150027500,동산로55번길,112.003694962576
4150094600,4150027500,4150029700,동산로55번길,112.003914758607
4150094700,4150032900,4150030800,동산로65번길,113.54529811024
4150094800,4150030800,4150032900,동산로65번길,113.545298114309
4150094900,4150045400,4150046200,대암로77번길,174.609451326293
4150095000,4150046200,4150045400,대암로77번길,192.223837074943
4150095100,4150047500,4150046600,대암로,206.748495781792
4150095200,4150046600,4150047500,대암로,195.899292688693
4150095300,4150019000,4150019300,중앙대로,227.863137746373
4150095400,4150019300,4150019000,중앙대로,227.863137743343
4150095500,4150033600,4150034400,동산로,130.216450000152
4150095600,4150034400,4150033600,동산로,130.216389568743
4150095700,4150030100,4150030800,동산로65번길,41.957052885176
4150095800,4150030800,4150030100,동산로65번길,41.956996048325
4150095900,4150019000,4150018200,창원대로,217.365732119265
4150096000,4150018200,4150019000,창원대로,217.365954226779
4150096100,4150030100,4150028000,동산로61번길,113.563811876562
4150096200,4150028000,4150030100,동산로61번길,113.563951904673
4150096300,4150046600,4150046200,대암로,111.784771841831
4150096400,4150046200,4150046600,대암로,106.648394105905
4150096500,4150027500,4150028000,동산로61번길,44.626897132451
4150096600,4150028000,4150027500,동산로61번길,44.626897131453
4150096700,4150027500,4150025400,동산로55번길,123.581288714125
4150096800,4150025400,4150027500,동산로55번길,123.581348532146
4150096900,4150030800,4150029800,동산로65번길,50.924033763124
4150097000,4150029800,4150030800,동산로65번길,50.923970339789
4150097100,4150020600,4150020200,토월로27번길,31.281571223786
4150097200,4150020200,4150020600,토월로27번길,29.488613604421
4150097300,4150032300,4150032000,단정로76번길,54.372568600825
4150097400,4150032000,4150032300,단정로76번길,54.37245792343
4150097500,4150032300,4150030300,단정로76번길,90.352682877242
4150097700,4150020200,4150021400,상남로,369.832976005124
4150097800,4150021400,4150020200,상남로,369.832950007503
4150098000,4150030300,4150029800,동산로65번길,43.598192280752
4150098100,4150028000,4150028800,동산로65번길,42.900898587992
4150098200,4150028800,4150028000,동산로65번길,42.901014730365
4150098300,4150020200,4150019300,중앙대로22번길,220.240827275087
4150098400,4150019300,4150020200,중앙대로22번길,220.240910990152
4150098500,4150029800,4150029000,동산로65번길,41.463609865878
4150098600,4150029000,4150029800,동산로65번길,41.463530498747
4150098700,4150028000,4150026000,동산로61번길,118.981250071574
4150098800,4150026000,4150028000,동산로61번길,118.981231717336
4150098900,4150029000,4150030200,동산로65번길,89.237085886718
4150099000,4150030200,4150029000,동산로65번길,82.731522608805
4150099100,4150034400,4150035200,동산로,236.407124250335
4150099200,4150035200,4150034400,동산로,236.407044544725
4150099300,4150030300,4150031000,동산로65번길,39.505512175745
4150099400,4150031000,4150030300,동산로65번길,39.505570109002
4150099500,4150028800,4150029000,동산로65번길,20.682142150194
4150099600,4150029000,4150028800,동산로65번길,20.682142149324
4150099700,4150032000,4150032800,단정로76번길,35.039034788777
4150099800,4150032800,4150032000,단정로76번길,42.773970248601
4150099900,4150025400,4150026000,동산로55번길,46.522974605777
4150100000,4150026000,4150025400,동산로55번길,46.52283333998
4150100100,4150034400,4150033800,단정로,82.581977497526
4150100200,4150033800,4150034400,단정로,82.581977499838
4150100300,4150032000,4150031000,동산로73번길,54.897311773476
4150100400,4150031000,4150032000,동산로73번길,54.897253807148
4150100500,4150028800,4150028300,동산로65번길,19.769903776339
4150100600,4150028300,4150028800,동산로65번길,19.769978779567
4150100700,4150018200,4150018800,용지로,233.371464456126
4150101900,4150024500,4150024800,동산로55번길,28.469107004191
4150102000,4150024800,4150024500,동산로55번길,28.469003567881
4150102100,4150033400,4150033800,단정로76번길,51.304194004814
4150102200,4150033800,4150033400,단정로76번길,42.403151387383
4150102300,4150032800,4150033400,단정로76번길,84.276910978194
4150102400,4150033400,4150032800,단정로76번길,70.787939085082
4150102500,4150024800,4150025900,단정로44번길,94.139300552627
4150102600,4150025900,4150024800,단정로44번길,92.499107744922
4150103800,4150028100,4150027600,동산로65번길,40.760374515807
4150103900,4150031000,4150030200,동산로73번길,44.527929554779
4150104000,4150030200,4150031000,동산로73번길,44.527865158576
4150104100,4150032800,4150030700,단정로58번길,98.989325376819
4150104200,4150030700,4150032800,단정로58번길,96.838144470759
4150104300,4150027600,4150026600,동산로65번길,54.59376665891
4150104400,4150026600,4150027600,동산로65번길,54.593849000641
4150104500,4150030200,4150030700,단정로58번길,40.247437776292
4150104600,4150030700,4150030200,단정로58번길,40.247355248139
4150104700,4150033800,4150032600,단정로,157.306952478484
4150106000,4150028100,4150026500,단정로44번길,89.926767723907
4150106100,4150026500,4150028100,단정로44번길,89.926845569721
4150106200,4150015100,4150013900,웅남로,569.93783854424
4150106300,4150013900,4150015100,웅남로,564.474386691944
4150106400,4150019300,4150018800,중앙대로21번길,223.440946856624
4150106500,4150018800,4150019300,중앙대로21번길,223.441142568991
4150106600,4150029600,4150028900,동산로73번길,41.786446391033
4150106700,4150028900,4150029600,동산로73번길,41.786402104937
4150106800,4150030700,4150031200,단정로58번길,43.547252372891
4150106900,4150031200,4150030700,단정로58번길,43.547252364158
4150107000,4150025900,4150026500,단정로44번길,45.041360710143
4150107100,4150026500,4150025900,단정로44번길,45.041290830669
4150107200,4150030700,4150028700,단정로58번길,118.071749153518
4150107300,4150028700,4150030700,단정로58번길,118.071810802704
4150107400,4150023800,4150022700,상남로58번길,95.606072593578
4150107500,4150022700,4150023800,상남로58번길,95.606126155381
4150107600,4150025900,4150025300,동산로65번길,48.252534647809
4150107700,4150025300,4150025900,동산로65번길,48.25239388485
4150107800,4150028900,4150027800,동산로73번길,44.053269137327
4150107900,4150027800,4150028900,동산로73번길,44.053204393352
4150108000,4150025300,4150026400,토월로,86.458684400297
4150108100,4150031200,4150031600,단정로58번길,19.420692018855
4150108200,4150031600,4150031200,단정로58번길,19.420607930002
4150108300,4150026500,4150027200,단정로44번길,39.900204365369
4150108400,4150027200,4150026500,단정로44번길,39.900212896084
4150108500,4150027800,4150028700,동산로73번길,41.228992004361
4150108600,4150028700,4150027800,동산로73번길,41.228934669637
4150108700,4150031600,4150031800,단정로58번길,35.872877566902
4150108800,4150031800,4150031600,단정로58번길,47.588284163163
4150108900,4150027800,4150027200,동산로73번길,43.460100372029
4150109000,4150027200,4150027800,동산로73번길,43.460155302591
4150110200,4150029300,4150028700,동산로73번길,40.458558816894
4150110300,4150027200,4150026400,동산로73번길,48.227221795977
4150110400,4150026400,4150027200,동산로73번길,48.227278546237
4150117200,4150025200,4150024700,마디미로,60.58114535453
4150110500,4150023100,4150025000,마디미로73번길,175.879131678824
4150110600,4150025000,4150023100,마디미로73번길,161.021203093837
4150110700,4150031800,4150029400,단정로,146.043704508056
4150110800,4150029400,4150031800,단정로,146.489196654403
4150110900,4150023100,4150023400,마디미로,55.004560869964
4150111000,4150023400,4150023100,마디미로,55.004618093752
4150111100,4150035200,4150035700,동산로,256.934810194889
4150111200,4150035700,4150035200,동산로,257.15566695916
4150111300,4150026400,4150028400,토월로,160.439557727793
4150111400,4150023100,4150021700,마디미로74번길,153.834489425435
4150111500,4150021700,4150023100,마디미로74번길,154.15349918156
4150111600,4150013900,4150014100,삼동로,136.322410731001
4150111700,4150014100,4150013900,삼동로,136.322382678573
4150111800,4150018800,4150019200,용지로,276.065311749338
4150111900,4150019200,4150018800,용지로,275.954121835236
4150112000,4150029300,4150028600,단정로58번길,39.93294641636
4150112100,4150028600,4150029300,단정로58번길,39.933012335454
4150112200,4150025500,4150023800,마디미동로,152.01116764616
4150112300,4150025500,4150025000,마디미로63번길,42.739975728742
4150112400,4150025000,4150025500,마디미로63번길,42.740251437652
4150112500,4150028600,4150029400,단정로44번길,47.147031522489
4150112600,4150029400,4150028600,단정로44번길,47.14703152102
4150112700,4150023400,4150023900,마디미로,56.353789039661
4150112800,4150023900,4150023400,마디미로,56.353761194004
4150112900,4150025000,4150026700,마디미로73번길,138.519060281291
4150113000,4150026700,4150025000,마디미로73번길,138.57652994305
4150113100,4150021500,4150021700,마디미서로,40.694412774812
4150113200,4150021700,4150021500,마디미서로,40.694329325993
4150113300,4150023400,4150022000,마디미로70번길,155.106384634399
4150113400,4150022000,4150023400,마디미로70번길,155.238110310601
4150113500,4150025000,4150023900,마디미로63번길,76.686912262585
4150113600,4150023900,4150025000,마디미로63번길,77.247533974737
4150113700,4150021500,4150021400,상남로58번길,47.055873292509
4150113800,4150021400,4150021500,상남로58번길,47.05593266744
4150113900,4150043000,4150041700,창이대로,511.532477012447
4150114000,4150041700,4150043000,창이대로,511.906851943701
4150114100,4150043000,4150040900,신사로,320.592405176762
4150114200,4150040900,4150043000,신사로,331.11094046689
4150114300,4150021400,4150021900,상남로,148.168111578422
4150114400,4150021900,4150021400,상남로,147.737951049071
4150114500,4150029400,4150028400,단정로,62.581777603681
4150114600,4150028400,4150029400,단정로,70.761352546409
4150114700,4150021700,4150022000,마디미서로,54.359213088715
4150114800,4150022000,4150021700,마디미서로,54.359268513714
4150114900,4150023900,4150024700,마디미로,64.303035529743
4150115000,4150024700,4150023900,마디미로,64.302897835551
4150115100,4150023900,4150022200,마디미로64번길,155.513687895085
4150115200,4150022200,4150023900,마디미로64번길,155.860632360524
4150115300,4150017100,4150017500,두대로,242.469116326114
4150115400,4150017500,4150017100,두대로,226.74036512051
4150115500,4150014100,4150014500,삼동로,397.538050638291
4150115600,4150014500,4150014100,삼동로,395.606026712673
4150115700,4150040900,4150040400,신사로,65.781314168233
4150115800,4150040400,4150040900,신사로,61.681491410478
4150115900,4150028400,4150033500,토월로,294.004553318943
4150116000,4150028400,4150031500,원이대로682번길,213.880852629792
4150116100,4150031500,4150028400,원이대로682번길,208.556936591975
4150116200,4150022000,4150022200,마디미서로,55.506083667919
4150116300,4150022200,4150022000,마디미서로,55.505970798896
4150116600,4150028400,4150028500,마디미1길,46.77626302243
4150116700,4150028500,4150028400,마디미1길,54.389218712695
4150116800,4150028400,4150025500,마디미동로,181.952976478032
4150116900,4150028400,4150026700,단정로,82.617466690522
4150120700,4150029200,4150026300,마디미로37번길,151.624280831647
4150117000,4150026700,4150028400,단정로,87.201257951105
4150117100,4150024700,4150025200,마디미로,60.581313268026
4150117300,4150040400,4150039300,신사로,220.080498068244
4150117400,4150039300,4150040400,신사로,211.477607166177
4150117500,4150024700,4150022500,마디미로56번길,152.407188740532
4150117600,4150022500,4150024700,마디미로56번길,152.421564158021
4150117700,4150026700,4150025200,단정로,98.38053211448
4150117800,4150025200,4150026700,단정로,99.252887765925
4150117900,4150022200,4150022500,마디미서로,55.334381036177
4150118000,4150022500,4150022200,마디미서로,53.52126194592
4150118100,4150028500,4150029200,마디미동로,49.360779876406
4150118200,4150029200,4150028500,마디미동로,49.105155890058
4150118300,4150022200,4150021900,마디미로64번길,47.731414107608
4150118400,4150021900,4150022200,마디미로64번길,47.731468924793
4150118500,4150028500,4150025700,마디미로43번길,148.292160819359
4150118600,4150025700,4150028500,마디미로43번길,148.292296489846
4150118700,4150025200,4150025700,마디미로,66.640965715107
4150118800,4150025700,4150025200,마디미로,66.640965721714
4150118900,4150033500,4150034700,토월로,285.909488785466
4150119000,4150021900,4150022400,상남로,108.575311948685
4150119100,4150022400,4150021900,상남로,108.575365269281
4150119200,4150025200,4150023000,단정로,151.38897085064
4150119300,4150023000,4150025200,단정로,151.583841395152
4150119400,4150035700,4150036400,동산로,358.862025326435
4150119500,4150036400,4150035700,동산로,358.959425261615
4150119600,4150033500,4150033200,토월로,24.316501595664
4150119700,4150033200,4150033500,토월로,24.920305114337
4150119800,4150029200,4150030000,마디미동로,59.722402641217
4150119900,4150030000,4150029200,마디미동로,59.722541267012
4150120000,4150035700,4150034700,원이대로,344.144384500539
4150120100,4150034700,4150035700,원이대로,340.797917366266
4150120200,4150022500,4150023000,마디미서로,60.548080433866
4150120300,4150023000,4150022500,마디미서로,62.186330097848
4150120400,4150033200,4150028400,토월로,262.808914137384
4150120500,4150033200,4150031500,-,129.011792914264
4150120600,4150031500,4150033200,-,128.988215632475
4150120800,4150026300,4150029200,마디미로37번길,151.624363903579
4150120900,4150025700,4150026300,마디미로,62.724583471987
4150121000,4150026300,4150025700,마디미로,62.436262725187
4150121100,4150019200,4150020100,용지로,350.507291122412
4150121200,4150020100,4150019200,용지로,350.44155686134
4150121300,4150025700,4150023500,마디미로44번길,153.219788627456
4150121400,4150023500,4150025700,마디미로44번길,153.633748281614
4150121500,4150019200,4150018500,외동반림로,514.223646251853
4150121600,4150018500,4150019200,외동반림로,532.316104185083
4150121700,4150030000,4150030400,마디미동로,46.072301661292
4150121800,4150030400,4150030000,마디미동로,46.072301652406
4150121900,4150023000,4150023500,마디미서로,64.48371574383
4150122000,4150023500,4150023000,마디미서로,64.483742972358
4150122100,4150030000,4150027000,마디미로31번길,150.894516458345
4150122200,4150027000,4150030000,마디미로31번길,151.075300071861
4150122400,4150022400,4150023000,단정로,52.577166722767
4150122500,4150031500,4150032100,원이대로682번길,41.206373590023
4150122600,4150032100,4150031500,원이대로682번길,41.206288444081
4150122700,4150022400,4150023600,상남로,148.131420673092
4150122800,4150023600,4150022400,상남로,148.13142066294
4150122900,4150026300,4150027000,마디미로,58.60921649206
4150123000,4150027000,4150026300,마디미로,58.609242958394
4150123100,4150022400,4150021100,중앙대로84번길,218.25736444506
4150123200,4150021100,4150022400,중앙대로84번길,218.257420110758
4150123300,4150030400,4150031100,마디미동로,51.425840010024
4150123400,4150031100,4150030400,마디미동로,51.425812305393
4150123500,4150026300,4150024300,마디미로38번길,152.042840953914
4150123600,4150024300,4150026300,마디미로38번길,152.140367334131
4150123700,4150039300,4150038800,신사로,45.511130126502
4150123800,4150038800,4150039300,신사로,45.511063458816
4150123900,4150030400,4150027700,마디미로27번길,151.05355318273
4150124000,4150027700,4150030400,마디미로27번길,150.780120928067
4150124100,4150032100,4150033300,원이대로682번길,184.680288198567
4150124200,4150033300,4150032100,원이대로682번길,184.812813482861
4150124300,4150017500,4150016900,두대로,247.063318595139
4150124400,4150016900,4150017500,두대로,240.471646026758
4150124500,4150023500,4150024300,마디미서로,74.974778043611
4150124600,4150024300,4150023500,마디미서로,74.974860339491
4150124700,4150032100,4150031100,마디미로21번길,46.297927878631
4150124800,4150031100,4150032100,마디미로21번길,46.297870694863
4150124900,4150038800,4150039500,창이대로690번길,51.660439170113
4150125000,4150039500,4150038800,창이대로690번길,51.660439163407
4150125100,4150038800,4150036400,신사로,267.049719351013
4150125200,4150036400,4150038800,신사로,266.018985274602
4150125300,4150031100,4150031900,마디미동로,67.894463442879
4150125400,4150031900,4150031100,마디미동로,67.894378983988
4150125500,4150027000,4150027700,마디미로,50.059703676301
4150125600,4150027700,4150027000,마디미로,50.059620494563
4150125700,4150031100,4150028200,마디미로21번길,150.835451727791
4150125800,4150028200,4150031100,마디미로21번길,151.315515252271
4150125900,4150039500,4150039600,창이대로690번길,18.621989228199
4150126000,4150039600,4150039500,창이대로690번길,18.621945372774
4150126100,4150039600,4150041700,창이대로690번길,351.938620146714
4150126200,4150041700,4150039600,창이대로690번길,349.580137777942
4150126300,4150024300,4150025600,마디미서로,155.962960425324
4150126400,4150025600,4150024300,마디미서로,155.180857434144
4150126500,4150027700,4150028200,마디미로,49.03971657436
4150126600,4150028200,4150027700,마디미로,49.039577991766
4150126700,4150024300,4150023600,마디미로38번길,49.12735394733
4150126800,4150023600,4150024300,마디미로38번길,49.127353963935
4150126900,4150031900,4150032500,마디미동로,85.796586045448
4150127000,4150032500,4150031900,마디미동로,64.830819484883
4150127100,4150031900,4150029100,마디미로15번길,149.15157347374
4150127200,4150029100,4150031900,마디미로15번길,148.819406245773
4150127300,4150023600,4150024900,상남로,156.679210057185
4150127400,4150024900,4150023600,상남로,156.088316423194
4150127500,4150021100,4150022300,중앙대로,309.324500535392
4150127600,4150022300,4150021100,중앙대로,308.371349950093
4150127700,4150021100,4150020100,중앙대로83번길,223.161151007946
4150127800,4150020100,4150021100,중앙대로83번길,223.161233993828
4150127900,4150028200,4150029100,마디미로,67.182363139659
4150128000,4150029100,4150028200,마디미로,67.182363155141
4150128100,4150028200,4150025600,마디미로22번길,153.236870296122
4150128200,4150025600,4150028200,마디미로22번길,153.355216867043
4150128500,4150034700,4150033700,원이대로,136.936643934973
4150128600,4150033700,4150034700,원이대로,136.939056841884
4150128700,4150016900,4150017800,외동반림로,514.955855856214
4150128800,4150017800,4150016900,외동반림로,528.072754634733
4150128900,4150034700,4150033200,토월로,282.367651715967
4150129000,4150016900,4150016300,두대로,248.967827463853
4150129100,4150016300,4150016900,두대로,248.967910536071
4150129200,4150032500,4150033000,마디미동로,55.120988671215
4150129300,4150033000,4150032500,마디미동로,55.120988668609
4150129400,4150032500,4150029900,마디미로9번길,129.018398450394
4150129500,4150029900,4150032500,마디미로9번길,129.677553092198
4150129600,4150033300,4150033700,원이대로682번길,56.096612900098
4150129700,4150033700,4150033300,원이대로682번길,56.928180693024
4150129800,4150029100,4150029900,마디미로,59.744123350368
4150129900,4150029900,4150029100,마디미로,59.744178823134
4150130000,4150033300,4150033000,마디미로3번길,62.487029691308
4150130100,4150033000,4150033300,마디미로3번길,62.487059554998
4150130200,4150029100,4150026200,마디미로16번길,152.893495263043
4150130300,4150026200,4150029100,마디미로16번길,153.451671930943
4150130400,4150036400,4150036500,동산로,49.123534098956
4150130500,4150036500,4150036400,동산로,49.123614650183
4150130600,4150025600,4150026200,마디미서로,68.555487727241
4150130700,4150026200,4150025600,마디미서로,69.192785376346
4150130800,4150033000,4150030500,마디미로3번길,128.388058502835
4150130900,4150030500,4150033000,마디미로3번길,128.220451049751
4150131000,4150025600,4150024900,마디미로22번길,48.168102804767
4150131100,4150024900,4150025600,마디미로22번길,48.167963122406
4150131200,4150033700,4150031300,원이대로,196.287085405239
4150131300,4150031300,4150033700,원이대로,195.827323614892
4150131400,4150029900,4150030500,마디미로,54.34799387997
4150131600,4150041700,4150043600,비음로,305.608437905841
4150131700,4150043600,4150041700,비음로,289.759893162699
4150132300,4150026800,4150024900,상남로,181.902367473418
4150132400,4150029900,4150027300,마디미로10번길,134.581289542341
4150132500,4150027300,4150029900,마디미로10번길,134.665812052655
4150132600,4150041700,4150040100,창이대로,465.262317446873
4150132700,4150040100,4150041700,창이대로,464.806240994258
4150132800,4150024900,4150024100,중앙대로114번길,66.344808705495
4150132900,4150024100,4150024900,중앙대로114번길,68.171363108894
4150133000,4150036800,4150038700,동산로,273.872497153198
4150133100,4150038700,4150036800,동산로,273.872416042778
4150133200,4150026200,4150027300,마디미서로,66.084933055637
4150133300,4150027300,4150026200,마디미서로,80.41797588653
4150133400,4150030500,4150031300,마디미로,58.324567192682
4150133500,4150031300,4150030500,마디미로,59.139674177197
4150133600,4150024100,4150022300,중앙대로114번길,159.63051204788
4150133700,4150022300,4150024100,중앙대로114번길,157.804121688067
4150133800,4150030500,4150027900,마디미로4번길,134.460867385336
4150133900,4150027900,4150030500,마디미로4번길,134.393608573244
4150134200,4150020500,4150021000,용지로,216.109037682644
4150134300,4150021000,4150020500,용지로,216.109149334662
4150134400,4150027300,4150027900,마디미서로,53.458915679503
4150134500,4150027900,4150027300,마디미서로,53.458886083141
4150134600,4150020500,4150019100,외동반림로74번길,333.372898921573
4150134700,4150019100,4150020500,외동반림로74번길,333.373120704815
4150134800,4150031300,4150027400,원이대로,200.784657237796
4150134900,4150027400,4150031300,원이대로,200.474788213013
4150135000,4150018500,4150018900,외동반림로,216.039330721732
4150135100,4150018900,4150018500,외동반림로,215.808204023388
4150135200,4150018500,4150017800,외동반림로,283.872537967447
4150135300,4150017800,4150018500,외동반림로,283.360830308844
4150135400,4150027900,4150026800,마디미로4번길,64.114663051044
4150135500,4150026800,4150027900,마디미로4번길,64.343737350751
4150135600,4150022300,4150023200,중앙대로,119.691484546746
4150135700,4150023200,4150022300,중앙대로,118.710561118415
4150135800,4150022300,4150021300,중앙대로113번길,152.716349954845
4150135900,4150021300,4150022300,중앙대로113번길,154.400258338218
4150136000,4150043600,4150041100,비음로,716.748163684987
4150136100,4150041100,4150043600,비음로,703.610061328156
4150136200,4150026800,4150027400,상남로,52.052734866618
4150136300,4150027400,4150026800,상남로,52.488336805048
4150136400,4150024600,4150025800,토월로,101.841462431876
4150136500,4150025800,4150024600,토월로,92.07531579251
4150136600,4150027400,4150025800,원이대로,96.677749556022
4150136700,4150025800,4150027400,원이대로,98.712675780546
4150136800,4150024600,4150023200,토월로,87.964403664082
4150136900,4150023200,4150024600,토월로,97.429008821445
4150137000,4150021300,4150021000,중앙대로113번길,67.525839943085
4150137100,4150021000,4150021300,중앙대로113번길,65.842017907805
4150137200,4150023200,4150022600,중앙로,82.613208943116
4150137300,4150022600,4150023200,중앙로,91.179577565101
4150137400,4150038700,4150040100,동산로,191.837601443233
4150137500,4150040100,4150038700,동산로,196.158317304341
4150137600,4150021000,4150021200,용지로,93.88751518886
4150137700,4150021200,4150021000,용지로,91.94937941128
4150137800,4150019100,4150020000,원이대로566번길,381.018285215981
4150137900,4150020000,4150019100,원이대로566번길,380.787264380574
4150138200,4150021000,4150020700,용지로113번길,208.624170702859
4150138300,4150020700,4150021000,용지로113번길,214.294052009014
4150138400,4150019100,4150018900,외동반림로74번길,109.870090246178
4150138500,4150018900,4150019100,외동반림로74번길,109.870090251022
4150138600,4150022600,4150022800,중앙로,79.787158922224
4150138700,4150022800,4150022600,중앙로,85.951328274101
4150146000,4150015500,4150015900,반지로,353.896794553362
4150138800,4150018900,4150018000,외동반림로,455.938794795601
4150138900,4150018000,4150018900,외동반림로,456.266254194703
4150139100,4150021800,4150021200,용지로,154.872340710778
4150139200,4150020400,4150020700,원이대로580번길,45.743757849917
4150139300,4150020700,4150020400,원이대로580번길,45.005255859178
4150139500,4150021800,4150022800,원이대로,112.040419439794
4150139600,4150040100,4150039200,창이대로,183.064358441528
4150139700,4150039200,4150040100,창이대로,183.565323715022
4150139800,4150020700,4150020900,원이대로580번길,159.098593183832
4150139900,4150020900,4150020700,원이대로580번길,158.873091072272
4150140000,4150020700,4150020000,용지로113번길,158.410188954686
4150140100,4150020000,4150020700,용지로113번길,159.402638912466
4150140200,4150021800,4150020900,원이대로,188.726438736342
4150140300,4150020900,4150021800,원이대로,188.724462374368
4150140800,4150020900,4150020300,원이대로,143.119754559546
4150140900,4150020300,4150020900,원이대로,143.117500972185
4150141000,4150020000,4150020300,원이대로566번길,84.870509815708
4150141100,4150020300,4150020000,원이대로566번길,85.049523265327
4150141200,4150038900,4150041100,비음로,276.248941868614
4150141300,4150041100,4150038900,비음로,278.515160554896
4150141600,4150020300,4150019700,원이대로,173.258397274144
4150141700,4150019700,4150020300,원이대로,173.320174525326
4150141800,4150046700,4150044600,해원로,595.222974318146
4150141900,4150046700,4150044900,해원로,576.344981619684
4150142000,4150044900,4150046700,해원로,570.188149808711
4150142100,4150018000,4150018700,외동반림로,272.603823693785
4150142200,4150018700,4150018000,외동반림로,273.470652493301
4150142300,4150041100,4150041200,비음로27번길,37.509897435381
4150142400,4150041200,4150041100,비음로27번길,37.241806683823
4150146100,4150015900,4150015500,반지로,348.612335041306
4150146900,4150016700,4150015900,반지로,455.879219973083
4150147000,4150015900,4150015600,반송로,299.019724970243
4150142500,4150019700,4150018700,원이대로,298.593065998663
4150142600,4150018700,4150019700,원이대로,295.49570409516
4150142700,4150037700,4150041200,창이대로603번길,314.165414810239
4150142800,4150041200,4150037700,창이대로603번길,314.286175539643
4150143100,4150041200,4150044600,-,539.796641711181
4150143200,4150044600,4150041200,비음로25번길,541.787831259712
4150144200,4150017600,4150016400,원이대로,527.741753579215
4150144300,4150016400,4150017600,원이대로,527.755321077599
4150144400,4150017700,4150017900,원이대로473번길,272.520338577722
4150144500,4150017900,4150017700,원이대로473번길,271.615142923077
4150144800,4150016400,4150016500,충혼로,47.055061527947
4150144900,4150016500,4150016400,충혼로,46.504710952184
4150145000,4150016400,4150015400,원이대로,538.946677634024
4150145100,4150015400,4150016400,원이대로,538.942824582166
4150145200,4150017900,4150016800,반송로,541.707319755228
4150145300,4150016800,4150017900,반송로,541.707735293133
4150145400,4150016500,4150016800,충혼로,312.067610596795
4150145500,4150016800,4150016500,충혼로,309.253061940233
4150145600,4150015400,4150015500,반지로,43.903969033015
4150145700,4150015500,4150015400,반지로,44.875233284844
4150145800,4150015400,4150014200,원이대로,648.072662232308
4150145900,4150014200,4150015400,원이대로,648.229708472376
4150146200,4150016800,4150016700,충혼로,477.33148145086
4150146300,4150016700,4150016800,충혼로,469.019586931347
4150146500,4150015900,4150016800,반송로,522.666244639197
4150146800,4150015900,4150016700,반지로,448.264756062352
4150147100,4150015600,4150015900,반송로,299.271408533513
4150147200,4150016700,4150016600,충혼로,256.467426994985
4150147300,4150016600,4150016700,충혼로,256.467468011517
4150002300,4150003300,4150001000,창원대로1144번길,741.172083384375
4150002400,4150001000,4150003300,창원대로1144번길,741.16897732426
4150002700,4150003400,4150003300,-,120.705359341067
4150002800,4150003300,4150003400,-,120.705359345231
4150103000,4150024400,4150024500,토월로,41.372325432877
4150002900,4150035300,4150032200,-,426.603276727148
4150003000,4150032200,4150035300,-,415.2784981443
4150003100,4150035300,4150000700,-,126.152025312985
4150003200,4150000700,4150035300,-,126.151977282961
4150003300,4150050000,4150003500,삼정자로63번길,189.992139555148
4150018100,4150006800,4150006200,남해안대로,439.986333486251
4150018200,4150006800,4150008000,남해안대로,670.710232777029
4150018300,4150008000,4150006800,남해안대로,667.7993213948
4150024000,4150034000,4150036300,안민로,777.327037653365
4150024100,4150047800,4150047400,곰절길,50.468585232567
4150024200,4150047400,4150047800,곰절길,54.557752507032
4150024300,4150047400,4150047100,곰절길,94.774195000045
4150024400,4150047100,4150047400,곰절길,95.890866143419
4150024500,4150040700,4150040200,공단로,60.674993889491
4150024600,4150040200,4150040700,공단로,62.169917768798
4150024700,4150040200,4150039000,공단로,218.537238212532
4150024800,4150039000,4150040200,공단로,219.724265783513
4150025000,4150047000,4150047100,곰절길,94.040820776625
4150030700,4150009400,4150013600,남해안대로,1728.96402461726
4150030800,4150013600,4150009400,남해안대로,1732.11984014641
4150030900,4150052400,4150052000,불모산로10번길,423.357269438945
4150031000,4150052000,4150052400,불모산로10번길,446.207238951081
4150031100,4150032200,4150024000,안민로,499.440729516211
4150031200,4150024000,4150032200,안민로,495.049237543396
4150031300,4150037500,4150038300,성주로,95.791337065577
4150031400,4150038300,4150037500,성주로,95.791337054488
4150031500,4150037500,4150034800,웅남로,1212.46686249973
4150070700,4150011100,4150010900,월림로49번길,35.413336141614
4150070800,4150010900,4150010500,월림로39번길,99.60869920572
4150070900,4150010500,4150010900,월림로39번길,99.608658332767
4150071000,4150011100,4150011300,월림로49번길,27.881835285298
4150071100,4150011300,4150011100,월림로49번길,27.881924551752
4150071200,4150037200,4150038100,원이대로,151.549954259395
4150071300,4150038100,4150037200,원이대로,151.550092716354
4150071400,4150011100,4150010800,월림로39번길,99.930337680462
4150071500,4150010800,4150011100,월림로39번길,99.930293973798
4150071600,4150011300,4150011400,월림로39번길,120.936641400194
4150071700,4150011400,4150011300,월림로39번길,124.967178983416
4150074200,4150007400,4150007300,공단로,48.51495423526
4150074300,4150015300,4150014300,공단로,611.938270642859
4150074400,4150014300,4150015300,공단로,611.938631179953
4150074500,4150010800,4150011400,월림로39번길,86.226063718735
4150074600,4150011400,4150010800,월림로39번길,84.638149711448
4150074700,4150007400,4150007700,공단로,33.032912481585
4150074800,4150007700,4150007400,공단로,33.032912484161
4150074900,4150041800,4150044000,대정로,387.834639730901
4150075000,4150044000,4150041800,대정로,395.568431796831
4150075100,4150046300,4150048900,가양로,430.7117238893
4150075200,4150048900,4150046300,가양로,430.71123847421
4150076200,4150011400,4150012500,월림로39번길,290.63473576934
4150076300,4150012500,4150011400,월림로39번길,298.95686697919
4150076400,4150038100,4150039900,원이대로,246.764556598597
4150076500,4150039900,4150038100,원이대로,243.126929192889
4150076600,4150027100,4150029500,동산로,179.137843830714
4150076700,4150029500,4150027100,동산로,175.889215145003
4150076800,4150027100,4150022900,창원대로,303.56652474227
4150076900,4150022900,4150027100,창원대로,303.566606737624
4150092800,4150025400,4150025100,토월로44번길,175.403162952514
4150092900,4150033100,4150032900,동산로65번길,47.566051458091
4150093000,4150032900,4150033100,동산로65번길,47.566191510028
4150093100,4150024200,4150024500,토월로,185.973881540676
4150093200,4150024500,4150024200,토월로,182.826942187753
4150093300,4150044700,4150045400,대암로,57.921715240686
4150093400,4150045400,4150044700,대암로,57.921589069997
4150093500,4150044700,4150043000,창이대로,454.596636408562
4150093600,4150043000,4150044700,창이대로,455.126033587666
4150093700,4150029700,4150030100,동산로55번길,45.087484326558
4150100800,4150018800,4150018200,용지로,232.055177178124
4150100900,4150025400,4150024800,동산로55번길,48.676409202271
4150101000,4150024800,4150025400,동산로55번길,42.616393949119
4150101100,4150028300,4150029600,동산로65번길,83.217346823718
4150101200,4150029600,4150028300,동산로65번길,83.217266742939
4150101300,4150018200,4150017100,창원대로,527.307223724999
4150101400,4150017100,4150018200,창원대로,526.983566425233
4150101500,4150036600,4150040400,원이대로773번길,454.141116237594
4150101600,4150040400,4150036600,원이대로773번길,458.119786891909
4150101700,4150028300,4150027600,동산로65번길,41.948603138443
4150101800,4150027600,4150028300,동산로65번길,41.948542482391
4150102700,4150036600,4150035700,원이대로,439.943637093322
4150102800,4150035700,4150036600,원이대로,437.452672251362
4150102900,4150024500,4150024400,토월로,41.414387082976
4150109400,4150029300,4150031600,단정로58번길,120.071639668967
4150109500,4150022700,4150021500,상남로58번길,153.771104399255
4150109600,4150021500,4150022700,상남로58번길,153.523959366301
4150109700,4150027200,4150028600,단정로44번길,87.71207575223
4150109800,4150028600,4150027200,단정로44번길,87.712002723485
4150109900,4150032600,4150031800,단정로,28.327285933762
4150110000,4150031800,4150032600,단정로,28.327285932028
4150110100,4150028700,4150029300,동산로73번길,40.458710579893
4150143300,4150046100,4150046700,해원로,270.800098464722
4150143400,4150018700,4150017600,원이대로,436.355112214884
4150143500,4150017600,4150018700,원이대로,438.273894308958
4150143600,4150045500,4150046100,해원로,51.447243320081
4150143700,4150044600,4150045500,해원로,102.067172828785
4150143800,4150044600,4150044900,해원로,819.908871640748
4150143900,4150044900,4150044600,해원로,207.568337909608
4150144000,4150017600,4150017700,원이대로473번길,57.456417455753
4150144100,4150017700,4150017600,원이대로473번길,59.164535181813
4150149601,4150053601,4150053501,진해대로,358.388457585006
4150149701,4150053501,4150053601,진해대로,355.619534525784
4150150001,4150010000,4150053601,진해대로,514.764056522544
4150150101,4150053601,4150010000,진해대로,514.514954348616
4150149801,4150053601,4150053701,-,335.936828514165
4150149901,4150053701,4150053601,-,351.291339988156
4150149001,4150042300,4150043300,창원대로,198.025836565346
4150149101,4150043300,4150042300,창원대로,195.804973321752
4150149201,4150043300,4150045600,창원대로,298.164165684504
4150149301,4150045600,4150043300,창원대로,300.335361675744
4150148801,4150043000,4150053401,창이대로739번길,55.629487805996
4150148901,4150053401,4150043000,창이대로739번길,57.267180573468
4150148201,4150051400,4150053101,삼정자로72번길,291.443915267787
4150148301,4150053101,4150051400,삼정자로72번길,294.554110927769
4150148001,4150053101,4150053201,-,122.802667655852
4150148101,4150053201,4150053101,-,121.997476090107
4150148401,4150002900,4150053201,창원대로1209번길,261.845480709607
4150147901,4150053201,4150053001,창원대로1209번길,184.40819133356
4150147801,4150053001,4150053201,창원대로1209번길,186.857248231332
4150007500,4150002300,4150002100,불모산로48번길,512.016433216511
4150007600,4150002100,4150002300,불모산로48번길,432.779455139017
4150000300,4150002100,4150001900,불모산로62번길,442.056137159891
4150037400,4150041600,4150045000,성주로,821.53583228603
4150037500,4150045000,4150041600,성주로,821.257130095891
4150140400,4150039200,4150038900,창이대로,50.821832415846
4150140500,4150038900,4150039200,창이대로,50.945072418039
4150141400,4150038900,4150037700,창이대로,166.021023472302
4150141500,4150037700,4150038900,창이대로,166.189758888112
4150148501,4150053201,4150002900,창원대로1209번길,277.588025206266
