NODE_ID,NODE_TYPE,NODE_NAME,LAT,LOGI
4130177601,101,해밀동산5-4,36.52799057,127.26324628
4130178501,101,해밀동산2,36.53075751,127.26631816
4130177701,101,해밀동317,36.52760966,127.26409219
4130178401,101,해밀동산14,36.52985171,127.26729691
4130178901,101,해밀동134-2,36.53088485,127.26892474
4130177801,101,해밀동333,36.52483175,127.26833608
4130178101,101,해밀동70-4,36.5234536,127.27290089
4130177901,104,해밀동93,36.52460241,127.27007611
4130177101,101,해밀마을2단지세종마스터힐스,36.53366573,127.27425131
4130176901,101,해밀유치원,36.52408621,127.26904474
4130092100,101,파란달교차로,36.52524921,127.26142338
4130093600,101,나성동297-21,36.49270267,127.26195212
4130094600,101,한누리대로고가북측,36.52720781,127.26268116
4130101600,103,속성변화점,36.52338642,127.26673968
4130023800,101,집현리785-56,36.49332423,127.32240852
4130023900,101,집현리885-1,36.49727151,127.32246636
4130024200,101,집현리790-5,36.49450682,127.32548444
4130024800,101,집현리785-127,36.49218046,127.32741596
4130025600,101,디딤2교북측,36.48631497,127.32431734
4130173601,101,집현지하차도,36.48910594,127.32632906
4130173901,101,창업진흥원,36.49492041,127.33080741
4130173801,101,집현지하차도,36.49193744,127.32838828
4130173701,101,세종어울림파밀리에센트럴M4(202,36.49457953,127.32260865
4130002200,102,고등리737,36.71820388,127.20270001
4130002300,102,고등리733,36.71512088,127.20063772
4130002400,101,관정리766,36.70393058,127.21438659
4130002500,101,관정리757,36.70596371,127.21846121
4130002600,101,관정리703,36.70568668,127.22097275
4130002700,102,원성리200-5,36.67140079,127.18466455
4130002800,103,속성변화점,36.70724691,127.22106097
4130003000,102,관정리709,36.70319735,127.21683638
4130003100,101,신정리624,36.69891452,127.21901123
4130003200,101,관정리769,36.69797291,127.21126193
4130003300,102,관정리738,36.69731465,127.21068699
4130003400,101,신정리651,36.69543156,127.21606152
4130003500,102,신정리649,36.69568989,127.21959871
4130003600,102,원성리183-3,36.6736589,127.18903914
4130003700,102,석곡리361,36.65877766,127.25462092
4130003800,101,청송리167-7,36.66679341,127.25570825
4130003900,102,청송리167-5,36.66676007,127.25427088
4130004000,101,노장리404-5,36.65927769,127.26901963
4130004100,101,노장리404-5,36.659361,127.26799472
4130004200,102,노장리404-5,36.65850277,127.26880715
4130004300,102,노장리404-14,36.65856943,127.26776975
4130004400,101,노장리404-5,36.65943599,127.26699481
4130004500,102,노장리404-5,36.6587694,127.26683233
4130004600,102,노장리404-10,36.66094415,127.26718228
4130004700,101,노장리404-5,36.66128579,127.26934458
4130004800,101,노장리404-5,36.66136078,127.2691071
4130004900,102,노장리404-5,36.66241065,127.26795719
4130005000,102,노장리404-5,36.66217736,127.26969454
4130005100,102,영당리122-1,36.65343616,127.18167748
4130005200,102,양곡리351-6,36.64201245,127.17845287
4130110500,101,종합운동장교차로,36.4712117,127.27461921
4130110600,104,용수2교,36.41505606,127.27443096
4130110700,101,대평동643,36.47047845,127.2747675
4130110800,101,대평동63-5,36.4745218,127.27480051
4130110900,101,대평삼거리,36.46925026,127.27484732
4130111000,101,해들교차로,36.46739256,127.27501934
4130111100,104,쌍국교,36.57191826,127.27570974
4130111200,104,성덕교,36.4595992,127.27536312
4130111300,101,당산로교차로,36.54332613,127.27568667
4130111400,102,도암2길입구,36.4457704,127.27543736
4130111500,101,해들교차로,36.46762702,127.27567473
4130111600,101,당산로교차로,36.54359382,127.27596923
4130111700,101,해들교차로,36.47491363,127.27573129
4130111800,101,세종리107-265,36.48596677,127.27582122
4130111900,104,쌍국교,36.57267032,127.27618999
4130112000,101,하나로마트,36.54382844,127.27620909
4130112100,104,용수3교,36.41616752,127.27607422
4130112200,103,속성변화점,36.47529667,127.27637723
4130112300,104,백룡교,36.42801453,127.27623506
4130112400,101,대평교차로,36.46253193,127.27668263
4130112500,101,대평3길분기,36.4741391,127.27674479
4130112600,101,베아체208동앞,36.47147505,127.27681345
4130112700,101,한누리대로지하서측,36.53413001,127.27711617
4130112800,101,봉암교차로서측,36.41737394,127.27674945
4130112900,101,오봉산맨발등산길입구,36.59466933,127.27739827
4130113000,101,봉암교,36.55507568,127.2772912
4130113100,101,봉암교앞교차로,36.55557649,127.27730364
4130113200,101,세종리735-397,36.50497936,127.27720368
4130164400,104,백천교,36.53387137,127.35430029
4130164500,104,제2백천교,36.54599658,127.35436742
4130164600,101,백천2교,36.54426372,127.3549084
4130164700,104,제2백천교동측,36.54595092,127.35492316
4130164800,101,금강농원,36.52079609,127.35482802
4130164900,104,백천교,36.53371726,127.35504122
4130165000,101,갈산리156-4,36.53485737,127.35520762
4130165100,101,부강교차로,36.53363721,127.35530743
4130165200,103,속성변화점,36.50244485,127.35535991
4130165300,101,갈산리451-31,36.53633168,127.35555289
4130165400,101,갈산삼거리,36.53902921,127.35599745
4130165500,101,부강교차로동측,36.53332646,127.3563264
4130165600,101,갈산교차로,36.54051551,127.35696967
4130165700,101,유성구-세종특별자치시,36.45995161,127.35678689
4130165800,103,속성변화점,36.53326513,127.35776726
4130165900,101,산수리339-1,36.55637429,127.35810148
4130166000,101,한일3급부분정비,36.50401861,127.35795395
4130166100,102,강산매운탕,36.51250769,127.35851897
4130166200,102,금호2리할머니경로당,36.50012018,127.35939793
4130166300,103,속성변화점,36.53098791,127.35974144
4130166400,101,부강1리마을회관,36.53290584,127.36041176
4130166500,103,속성변화점,36.54034704,127.36054097
4130166600,101,한국DVAL주,36.49934042,127.36115932
4130166700,101,산수삼거리,36.5618923,127.36179884
4130166800,101,부용공단,36.50071409,127.36203618
4130166900,101,금호리495,36.49223154,127.36242607
4130167000,101,씨멘스브이디오한라주,36.49858585,127.36279554
4130167100,101,산수리339-1,36.56222014,127.36355117
4130020200,101,소담동508-9,36.48624763,127.29875607
4130091100,101,어진동702,36.50693763,127.26094692
4130037600,106,동공주IC,36.49744516,127.1918536
4130045400,104,관정교,36.69579681,127.20831908
4130000100,102,금암리378-13,36.44004408,127.21678879
4130000200,102,대곡리575,36.72567771,127.15074208
4130000300,101,소정초등학교,36.72168867,127.15848871
4130000400,102,소정초등학교,36.72091164,127.15831645
4130000500,102,고등리717,36.71762055,127.19235094
4130000600,101,고등리717,36.71840381,127.19475072
4130000700,101,고등리717,36.71924538,127.19475071
4130000800,101,고등리721,36.72027026,127.19487569
4130000900,102,고등리721,36.7217701,127.19591308
4130001000,101,고등리717,36.71922872,127.19576312
4130001100,101,고등리717,36.71922873,127.197063
4130001200,101,고등리721,36.72026194,127.19707549
4130001300,102,고등리721,36.7217951,127.19711297
4130001400,102,고등리739,36.7203786,127.19846287
4130001500,101,고등리728,36.71880377,127.19577562
4130001600,101,원성리171,36.67112585,127.18926414
4130001700,101,고등리728,36.71840381,127.19536316
4130001800,103,속성변화점,36.71839548,127.19576313
4130001900,101,고등리63-3,36.71622908,127.19938782
4130002000,101,고등리717,36.71718732,127.20105016
4130002100,101,고등리717,36.71665404,127.20011275
4130005300,102,금사리33-3,36.6101411,127.17885313
4130005400,102,신안리272,36.62840632,127.2859684
4130005500,102,서창리30-11,36.61136667,127.29855494
4130005600,102,서창리159-5,36.60838362,127.28834337
4130005700,102,서창리278,36.60751706,127.29028071
4130005800,101,봉산리90-14,36.60275088,127.27983169
4130005900,101,봉산리37-2,36.60145937,127.28145655
4130006000,101,봉산리41-6,36.60172602,127.28336888
4130006100,101,봉산리51-2,36.60179268,127.28393133
4130006200,101,봉산리49,36.60191767,127.28484375
4130006300,101,봉산리산1-44,36.6023843,127.28675607
4130006400,102,서창리280-6,36.60267593,127.28655609
4130006500,101,부동리260,36.55129836,127.26959557
4130006600,103,속성변화점,36.6022843,127.28464376
4130006700,101,봉산리67,36.60220096,127.28191901
4130006800,101,봉산리54,36.6027259,127.28265643
4130006900,101,봉산리65-11,36.60333415,127.28064411
4130007000,101,봉산리65-6,36.60386743,127.28138154
4130007100,101,봉산리65-9,36.60417572,127.28040662
4130007200,101,침산리130-39,36.6015011,127.29334299
4130007300,102,침산리148-12,36.60082618,127.29344299
4130007400,102,신흥리14-2,36.5985431,127.29190565
4130007500,102,신흥리175-1,36.59790152,127.2947804
4130007600,101,원리141-55,36.5991514,127.29716767
4130007700,102,명리12-2,36.6002513,127.30257968
4130007800,101,죽림리114-2,36.59101063,127.29250566
4130007900,102,죽림리135-1,36.59108563,127.29326809
4130008000,101,죽림리330-6,36.58858594,127.29805519
4130008100,102,보통리319-1,36.55468972,127.28180695
4130008200,101,부동리244-22,36.5554979,127.27192033
4130008300,101,부동리256,36.55318982,127.27067046
4130008400,102,부동리256,36.55516458,127.26808317
4130008500,101,연기리788,36.55119839,127.27159539
4130008600,102,연기리788,36.54989022,127.27417018
4130008700,101,눌왕리752,36.55123169,127.26668333
4130008800,101,송용리922,36.56440554,127.32572795
4130008900,102,송용리982,36.55984769,127.32009099
4130009000,105,청주시흥덕구-세종특별자치시,36.5700886,127.33640099
4130009100,102,산수리105-3,36.55546507,127.35498792
4130009200,102,내판리329-18,36.54503275,127.32569063
4130009300,101,응암리584-5,36.54172492,127.34712625
4130009400,104,신백천교,36.54165831,127.35435061
4130009500,104,신백천교,36.54167496,127.35287574
4130009600,101,응암리921,36.54041668,127.33667719
4130009700,101,고운동산167,36.51286925,127.24074849
4130009800,101,응암리921,36.54064164,127.33578977
4130009900,103,속성변화점,36.54088329,127.33611474
4130010000,102,부강리1171,36.53127622,127.36376236
4130010100,101,부강리446-11,36.53075963,127.36783701
4130010200,102,부강리446-11,36.5302097,127.36819948
4130010300,102,부강리44-1,36.52864324,127.37352402
4130010400,102,부강리1135-11,36.52516864,127.37316158
4130010500,101,부강리1251-4,36.51919268,127.36533446
4130010600,102,부강리1246-4,36.51965254,127.36427493
4130010700,102,부강리1251-4,36.51827771,127.3657998
4130010800,102,부강리671-1,36.5202609,127.37973604
4130010900,102,등곡리442-1,36.5031129,127.38723553
4130011000,102,금호리535,36.49957987,127.37066204
4130011100,102,금호리501,36.49374716,127.36298778
4130011200,101,누리리194-62,36.52081869,127.29945569
4130011300,102,세종리산235,36.52253518,127.30318034
4130011400,101,도담동924,36.51388229,127.26693299
4130011500,102,도담동926,36.51346351,127.26697637
4130011600,102,평기리14-4,36.52992539,127.20007696
4130011700,102,하봉리445-36,36.49796226,127.17976656
4130011800,102,산학리478,36.47359866,127.22812497
4130011900,101,금암리281-5,36.44449362,127.2240131
4130012000,102,금암리283-12,36.44502687,127.21962599
4130012100,102,금암리283-35,36.44660169,127.22061339
4130012200,102,두만리233-2,36.42952072,127.29008236
4130012300,102,축산리289-1,36.43767817,127.29904399
4130012400,102,축산리566-18,36.44081116,127.30074381
4130012500,102,축산리556,36.43752824,127.30745574
4130012600,102,축산리110,36.43871978,127.30834315
4130012700,101,발산리112-4,36.45325965,127.28562004
4130012800,102,영치리301-1,36.45053502,127.29514422
4130012900,102,고운동889,36.52018501,127.22924945
4130013000,102,고운동산95,36.52237339,127.23529051
4130013100,101,고운동산167,36.51286924,127.24026104
4130013200,101,고운동산167,36.51247763,127.2407485
4130013300,101,고운동산167,36.5115694,127.2407485
4130013400,101,고운동산167,36.51108612,127.24024855
4130013500,101,고운동산167,36.51088614,127.24073601
4130013600,102,고운동775,36.52603442,127.24281069
4130013700,102,아름동1464,36.52080174,127.25098501
4130013800,102,늘봄초등학교,36.51478804,127.2545774
4130013900,101,다정동397-5,36.49682939,127.23741144
4130014000,101,다정동397-5,36.49717935,127.2377364
4130014100,101,다정동392-2,36.49755431,127.23807387
4130014200,101,다정동산11,36.49774596,127.23819886
4130014300,101,다정동393-4,36.49810425,127.23839884
4130014400,101,다정동393-4,36.49849588,127.23849882
4130014500,101,다정동393-3,36.49893749,127.23849882
4130014600,101,다정동산13,36.49847089,127.23969872
4130014700,101,다정동388-2,36.49809593,127.23963623
4130014800,101,다정동390,36.49770431,127.23956124
4130014900,101,다정동산13-4,36.49728769,127.23948625
4130015000,101,다정동산30,36.4968294,127.23939876
4130015100,101,다정동398,36.49758763,127.23608655
4130015200,101,다정동394,36.49857085,127.23631152
4130015300,101,다정동산5,36.49897081,127.23727393
4130015400,101,다정동산7,36.49858752,127.23699896
4130015500,101,다정동산8,36.49832088,127.23676148
4130015600,101,다정동산10,36.49794593,127.23641152
4130015700,101,다정동산6,36.49778762,127.23766141
4130015800,101,다정동393-4,36.49853753,127.23796137
4130015900,101,다정동363-82,36.49443273,127.25561414
4130016000,101,다정동7-3,36.49469925,127.24836669
4130016100,102,다정동7-5,36.4947797,127.24953537
4130016200,101,새롬초등학교,36.48623068,127.24994792
4130016300,101,새롬동341-99,36.48413926,127.25124782
4130016400,102,나성동33-6,36.48635577,127.26887123
4130016500,102,나성동183,36.48424833,127.2666303
4130016600,101,나성동152-1,36.48152298,127.26657148
4130016700,101,나성동155-1,36.48209792,127.26777137
4130016800,103,속성변화점,36.48244787,127.26675895
4130016900,101,대평동63-11,36.47387391,127.27627068
4130017200,102,대평동646,36.46797453,127.26668409
4130017300,101,대평동625-4,36.47026595,127.27024625
4130017400,101,대평동550,36.47342396,127.27553325
4130017500,101,대평동63-7,36.47414887,127.27504579
4130017600,101,용포리326-10,36.46186696,127.27827061
4130017700,103,속성변화점,36.47342396,127.27687063
4130017800,102,용포리326-10,36.46189196,127.27939551
4130017900,101,용포리237-30,36.4623419,127.27777066
4130018000,101,금남면행정복지센터,36.46370843,127.27997045
4130018100,102,용포리440-18,36.4649833,127.28393258
4130018200,101,용포리467-31,36.46661643,127.28078285
4130018300,101,용포리200-2,36.467508,127.28102032
4130018400,101,용포리467-31,36.46780796,127.28045787
4130018500,102,용포리484-8,36.46862453,127.28032037
4130018600,102,호탄리573-2,36.47287416,127.29903117
4130018700,101,보람동700-72,36.47746523,127.28760714
4130018800,101,보람동700-75,36.47675698,127.28804461
4130018900,101,보람동700-98,36.47774854,127.28825708
4130019000,101,보람동행정복지센터,36.47832348,127.28955696
4130019100,101,보람동700-75,36.47704029,127.28870705
4130019200,101,보람동629-4,36.4776069,127.29004442
4130019300,101,보람동행정복지센터,36.47862345,127.2902194
4130019400,101,보람동행정복지센터,36.47788187,127.29066937
4130019500,102,보람초등학교,36.47895676,127.29301915
4130019600,101,소담초등학교,36.48341463,127.30058093
4130019700,101,소담동주민센터,36.48417288,127.30120587
4130019800,101,소담동38-1,36.48514778,127.30200579
4130019900,101,소담동주민센터,36.48447285,127.30068091
4130020000,101,소담동32-115,36.4844645,127.29869359
4130020100,101,소담동37-3,36.48568104,127.29978098
4130020300,101,소담동351,36.48833907,127.30029341
4130020400,101,소담동346,36.4878308,127.30120584
4130020500,101,반곡동771-67,36.49007221,127.30215573
4130020600,101,소담동308-3,36.49072214,127.30113082
4130020700,101,반곡동771-128,36.49111376,127.30151828
4130020800,101,반곡동산101,36.49243028,127.30280565
4130020900,101,반곡동771-68,36.49053883,127.3024557
4130021000,101,반곡동산101,36.491997,127.3034681
4130021100,101,반곡동산56,36.49358016,127.30391804
4130021200,101,반곡동산1,36.48671428,127.30529298
4130021300,101,소담동산3,36.48606436,127.30491802
4130021400,101,소담동74,36.48534777,127.30451806
4130021500,102,소담동83,36.48547276,127.30594294
4130021600,101,소담동109-2,36.48727254,127.30373062
4130021700,101,소담동107-8,36.48703924,127.30436806
4130021800,101,소담동35-8,36.48620599,127.3028807
4130021900,101,소담동35-8,36.48590603,127.30344315
4130022000,101,반곡동781-1,36.49235531,127.30590538
4130022100,102,반곡동780,36.492122,127.30578039
4130022200,101,반곡동824,36.49812134,127.30928002
4130022300,101,반곡동52-18,36.49848799,127.31360463
4130022400,102,반곡동60-1,36.5006461,127.31676683
4130022500,101,반곡동산35,36.49483839,127.31016747
4130022600,102,반곡동316,36.4947134,127.31019247
4130022700,101,반곡동375-4,36.49495505,127.31186732
4130022800,101,반곡동249,36.4941968,127.3121798
4130022900,101,반곡동228,36.49345523,127.31291724
4130023000,101,반곡동178,36.49417181,127.31351718
4130023100,102,반곡동179-3,36.49422181,127.31381715
4130023200,101,반곡동242-2,36.49450511,127.31272975
4130023300,102,솔빛초등학교,36.49465509,127.31261726
4130023400,104,황룡1교(동측),36.47974018,127.32177908
4130023500,101,집현리883-148,36.48543509,127.32034936
4130023600,101,집현리883-87,36.48816327,127.32304824
4130023700,101,집현리883-55,36.49058904,127.3214451
4130024000,101,집현리996-5,36.49798812,127.32514111
4130024100,102,집현리858,36.49812144,127.32570356
4130024300,101,집현리산173,36.4927072,127.32520899
4130024400,101,집현리785-550,36.4916805,127.32495369
4130024500,101,집현리785-94,36.48977012,127.32407756
4130024600,101,집현리785-180,36.48918079,127.32595362
4130024700,101,집현리785-4,36.49244709,127.32632856
4130024900,101,집현리산171,36.49455518,127.32661601
4130025000,101,집현리701,36.49763819,127.33065312
4130025100,101,집현리820-2,36.49862973,127.32932823
4130025200,101,집현리1065,36.50032955,127.33090308
4130025300,101,집현리1074,36.49991294,127.33277791
4130025400,102,대박리367-12,36.48206499,127.33517786
4130025500,104,지하차도,36.48071137,127.31301361
4130025900,102,신정리504,36.68739911,127.20958718
4130026000,102,달전리248-3,36.62027329,127.18194026
4130026100,102,자이아파트입구교차로,36.5892525,127.29279315
4130026200,102,죽림리208-1,36.59089401,127.29781769
4130026300,101,집현리1007-2,36.49954683,127.32814529
4130026400,101,집현리352-3,36.50088051,127.32934126
4130026500,101,반곡동193,36.49394652,127.31357784
4130026600,101,반곡동249,36.49438679,127.3125187
4130026700,103,속성변화점,36.52773494,127.3614251
4130026800,102,다방리508-2,36.60897463,127.18997715
4130026900,104,황룡교(서측),36.47986519,127.32655365
4130027000,106,남풍세IC,36.71577259,127.14029538
4130027100,105,천안시동남구-세종특별자치시,36.71550506,127.14059233
4130027200,101,소정리495,36.71519049,127.14091057
4130027300,101,소정리495,36.71299663,127.14353749
4130027400,104,운당교,36.71156419,127.14531257
4130027500,104,운당교,36.71094553,127.14610255
4130027600,104,운당2교북측,36.70979863,127.14731132
4130027700,106,운당리186-4,36.70829124,127.1478681
4130027800,104,운당2교남측,36.70884685,127.14807274
4130027900,106,운당당너머길교차로,36.70657981,127.14830414
4130028000,106,소정리346-8,36.70953305,127.14844328
4130028100,106,소정3리,36.7116394,127.14858492
4130028200,106,운당리202-5,36.70573034,127.1490965
4130028300,106,소정리644-3,36.70696617,127.14913108
4130028400,104,운당리312-2,36.70599985,127.14936386
4130028500,104,운당리179-3,36.70523548,127.14956759
4130028600,106,운당교차로,36.7059071,127.14966845
4130028700,104,소정교,36.70618151,127.15008178
4130028800,106,운당리183-6,36.70303203,127.15023864
4130028900,104,소정교,36.72174327,127.15073639
4130029000,104,소정교,36.70667365,127.15088401
4130029100,101,광암교,36.71687532,127.15122824
4130029200,104,소정교,36.72131624,127.1517309
4130029300,104,곡교천교,36.71850806,127.15217036
4130029400,101,무궁화아파트앞,36.6980697,127.15259467
4130029500,101,곡교천교삼거리,36.72058428,127.15341514
4130029600,101,소정리267-3,36.71224105,127.15402719
4130029700,104,소정대교,36.72340571,127.15534051
4130029800,103,속성변화점,36.69289535,127.15588459
4130029900,101,행정삼거리,36.69201272,127.15613145
4130030000,101,소정리역,36.7181235,127.15634709
4130030100,101,소정우체국,36.7197546,127.15697149
4130030200,101,KCC사원앞입구,36.72060576,127.15728575
4130030300,101,소정구길교차로,36.72190278,127.15775314
4130030400,101,소정리49-2,36.72410219,127.15803803
4130030500,101,대곡리570-1,36.72455027,127.15807486
4130030600,101,삽교곱창구이,36.7250081,127.15851344
4130030700,103,속성변화점,36.72603177,127.15951181
4130030800,101,소정육교앞,36.72562131,127.15980789
4130030900,105,천안시동남구-세종특별자치시,36.68838446,127.16002354
4130031000,104,유정1교,36.68840442,127.16052179
4130031100,103,속성변화점,36.72637707,127.16141972
4130031200,102,전의면양곡리501,36.63376965,127.16322466
4130031300,101,소정리삼거리,36.72811015,127.16445021
4130031400,104,유천과선교,36.68838983,127.16442551
4130031500,101,양곡리476-2,36.63540692,127.1645595
4130031600,101,양곡리492-1,36.63441913,127.16506565
4130031700,102,전의면양곡리산80-34,36.63382719,127.16536617
4130031800,101,대곡로입구,36.72907203,127.1658214
4130031900,104,유천과선교,36.68800637,127.16596677
4130032000,101,산채원,36.68788216,127.1663963
4130032100,103,속성변화점,36.63828864,127.16637782
4130032200,101,학수동BS앞,36.72967106,127.16667926
4130032300,101,대곡사거리,36.73032414,127.16766866
4130032400,101,학수소사길입구,36.72716107,127.16802511
4130032500,101,맹골길입구,36.72655097,127.16825628
4130032600,101,양곡리426-1,36.63742843,127.17004312
4130032700,101,금사리285-3,36.60633841,127.17011792
4130032800,108,행정IC교,36.68390422,127.17138485
4130032900,101,양곡리414-2,36.6375023,127.17180775
4130033000,101,금사리285-3,36.60749559,127.17175189
4130033100,102,전의면양곡리414-1,36.63838879,127.17186326
4130033200,101,금사삼거리,36.60857121,127.17223185
4130033300,101,동화이엔지,36.6274414,127.17413167
4130033400,102,갑박골,36.59737854,127.1743468
4130033500,101,양곡리산81-1,36.63814114,127.17445248
4130033600,101,양곡리551-8,36.63849153,127.17449052
4130033700,101,다방리430-1,36.60564389,127.1745411
4130033800,103,속성변화점,36.63914144,127.17513547
4130033900,104,달전교,36.62679986,127.1752416
4130034000,101,금사리278,36.61016666,127.17521941
4130034100,104,달전교,36.62715116,127.17544615
4130034200,103,속성변화점,36.63873374,127.17572761
4130034300,101,양곡리307-3,36.63811055,127.17621098
4130034400,104,양곡교,36.63922562,127.17635064
4130034500,104,양곡교,36.63960928,127.17640337
4130034600,101,양곡리341-7,36.6405156,127.17654676
4130034700,104,금사교,36.61320947,127.17773253
4130034800,104,금사교,36.61345584,127.17777937
4130034900,105,공주시-세종특별자치시,36.50027597,127.17753305
4130035000,101,다방리282-1,36.59981784,127.1779417
4130035100,104,운전교,36.61951509,127.17825295
4130035200,104,운전교,36.61913917,127.17827648
4130035300,101,달전리289-1,36.62189975,127.17851169
4130035400,101,다방2리입구,36.60340129,127.17849054
4130035500,108,유천리입구,36.68085469,127.17908582
4130035600,105,공주시-세종특별자치시,36.52352797,127.18007978
4130035700,101,달전리산33,36.62830577,127.18387388
4130035800,104,대곡터널,36.72027368,127.1841899
4130035900,104,영당교,36.6519787,127.18530311
4130036000,104,선원2교,36.65245486,127.1855437
4130036100,101,영당리499,36.65275404,127.18570352
4130036200,101,다방리509,36.60411242,127.18633211
4130036300,104,대곡터널,36.71886207,127.18683013
4130036400,105,공주시-세종특별자치시,36.54547718,127.18684759
4130036500,101,영당리마을회관,36.65509581,127.18735223
4130036600,101,비암로교차로,36.60352331,127.18776777
4130036700,101,고등2리입구,36.70584592,127.18854141
4130036800,104,신방교,36.6543071,127.18907432
4130036900,104,신방교,36.6537655,127.18945314
4130037000,101,비암로교차로,36.60234542,127.18948464
4130037100,102,하봉저수지,36.49595671,127.18940953
4130037200,105,공주시-세종특별자치시,36.5859714,127.18979866
4130037300,101,달전리699-8,36.62587812,127.1902113
4130037400,101,송문리673,36.51369588,127.19093952
4130037500,101,고등리717,36.71923349,127.19236552
4130037700,101,효승농원,36.68583262,127.19252357
4130037800,101,의량교,36.53569778,127.19231473
4130037900,101,하봉리445-17,36.49582685,127.19237571
4130038000,104,송문교,36.51128668,127.19250996
4130038100,104,의량교,36.53576981,127.19303232
4130038200,101,송문리587-17,36.51267867,127.19297753
4130038300,104,읍내교,36.68133468,127.19345798
4130038400,101,거천교전방,36.68048179,127.19348951
4130038500,104,읍내교,36.68146852,127.1935073
4130038600,101,송학사거리,36.53585918,127.19335861
4130038700,106,서세종IC,36.49397162,127.1933297
4130038800,104,송문교,36.51119626,127.19344589
4130038900,104,거천교,36.68049531,127.19403238
4130039000,101,송문리673,36.5176446,127.1937204
4130039100,104,거천교,36.68050925,127.19418146
4130039200,101,원성교삼거리,36.68197379,127.19466748
4130039300,101,고등네거리,36.71730678,127.19476277
4130039400,104,원성교,36.6814909,127.19472631
4130039500,104,원성교,36.68003353,127.19500711
4130039600,101,신흥리1-1,36.67075525,127.19500897
4130039700,101,읍내4리마을회관,36.68253381,127.19517183
4130039800,101,고등리337-2,36.71031452,127.19574709
4130039900,101,한성전기앞,36.67198417,127.19584761
4130040000,104,문성교,36.51523421,127.19573818
4130040100,102,대전가톨릭대학교,36.65483201,127.19615971
4130040200,101,전의중학교,36.68131201,127.19649159
4130040300,101,우주네일헤드,36.70267907,127.19668169
4130040400,104,문성교,36.51467027,127.19622835
4130040500,101,전의중학교입구,36.68041396,127.19672732
4130040600,108,전의교차로,36.67817674,127.19708894
4130040700,101,전의교차로,36.67885855,127.19719833
4130040800,101,평기리349-23,36.51449674,127.19731091
4130040900,101,평기리386,36.51077726,127.19737971
4130041000,101,하봉교차로,36.48921912,127.19763357
4130041100,101,평기리21-2,36.52787287,127.19782845
4130041200,101,하봉교차로,36.48950159,127.19774125
4130041300,102,금성사,36.62435186,127.19813673
4130041400,101,조천5교,36.67576424,127.19907741
4130041500,104,조천5교,36.6762431,127.19957191
4130041600,106,동공주IC,36.49195351,127.199536
4130041700,104,도계육교,36.49135794,127.19995878
4130041800,101,용암교차로북측,36.54687395,127.20023454
4130041900,104,조천5교,36.67529356,127.20073273
4130042000,104,도계육교,36.49174041,127.20042952
4130042100,104,읍내교,36.68571305,127.20114251
4130042200,101,운주산로교차로,36.6796526,127.20157241
4130042300,104,관정교,36.69259544,127.20185377
4130042400,104,읍내교,36.68575533,127.20192287
4130042500,101,GNB영어전문학원,36.67962862,127.20194906
4130042600,104,관정교,36.69239608,127.20214031
4130042700,101,용암교차로,36.54592761,127.20202774
4130042800,101,금암리480-2,36.44132807,127.20205786
4130042900,102,읍내3리마을회관,36.6823529,127.20309086
4130043000,101,신방리107-2,36.67356484,127.20330725
4130043100,104,무명교북측,36.54551596,127.20306108
4130043200,101,한일모타,36.68408165,127.20370845
4130043300,101,하봉리입구,36.49550808,127.20343979
4130043400,101,북암교,36.68207507,127.20438722
4130043500,101,동교3교차로,36.68594828,127.20445745
4130043600,101,삼성약국,36.6793359,127.2044855
4130043700,101,광정1교차로,36.69058637,127.20503326
4130043800,101,신방교,36.67613536,127.20510179
4130043900,104,갈정교,36.68988895,127.20514848
4130044000,104,신방교,36.6769803,127.20517411
4130044100,104,갈정교,36.68950091,127.20521677
4130044200,101,동교4교차로,36.6892474,127.20526454
4130044300,104,전의교,36.67930774,127.20573957
4130044400,104,전의교,36.67937657,127.20611439
4130044500,101,신정리506-7,36.68943984,127.20656163
4130044600,104,용암교,36.54456227,127.20631147
4130044700,101,남양우유,36.49782331,127.20637464
4130044800,101,금암리463-4,36.43925915,127.20626351
4130044900,101,금암리463-6,36.43932964,127.20668851
4130045000,104,수산터널,36.54437776,127.20719187
4130045100,101,세광전기,36.67946444,127.20770731
4130045200,101,재동아파트,36.68018075,127.20806948
4130045300,104,금암교,36.44009043,127.20743662
4130045500,104,조천4교,36.67312165,127.20850189
4130045600,104,관정교,36.6963007,127.20861099
4130045700,104,금암교,36.43929701,127.20848023
4130045800,101,세신환경앞,36.67840497,127.20914319
4130045900,103,속성변화점,36.50062828,127.20892683
4130046000,104,신정교,36.69017701,127.20956378
4130046100,104,신정교,36.69026792,127.20986454
4130046200,101,한다리삼거리,36.5000084,127.20938404
4130046500,101,한국영상대학종점,36.46135504,127.21090701
4130046600,101,신우테크,36.69959875,127.2118063
4130046700,101,동교2교차로,36.684634,127.21183816
4130046800,104,조천4교동측,36.67379371,127.21184911
4130046900,101,한국영상대학교,36.45948537,127.21170669
4130047000,101,전의산업단지,36.70058048,127.21238147
4130047100,101,한국영상대학교,36.4591319,127.2118051
4130047200,104,쌍류교,36.59425906,127.21245524
4130047300,104,은용교,36.49408775,127.21249598
4130047400,101,은용교차로,36.49207704,127.21253385
4130047500,101,쌍류삼거리,36.59454653,127.21302211
4130047600,104,송성교,36.65230244,127.21326372
4130047700,102,용암리605,36.56223207,127.21302321
4130047800,101,신정리519-1,36.68693324,127.21343296
4130047900,104,은용교,36.49393094,127.21295268
4130048000,101,송성리326-2,36.64950651,127.21361
4130048100,104,송성교,36.65260449,127.21394895
4130048200,101,은용교차로,36.49358743,127.21411429
4130048300,101,신정리394-3,36.69437505,127.21526973
4130048400,101,미곡삼거리,36.67229112,127.21525704
4130048500,101,용암리693,36.55214023,127.2156064
4130048600,101,전의2교차로,36.67381462,127.21601567
4130048700,104,수산터널남측,36.54396292,127.21588737
4130048800,104,대교천교,36.49541988,127.21606517
4130048900,101,신정리648,36.69689908,127.21726357
4130049000,101,송성리산76,36.63603242,127.21732734
4130049100,104,대교천교,36.49622271,127.21694343
4130049200,104,송성교,36.65558227,127.21776516
4130049300,101,신정리624,36.70268287,127.21791723
4130049400,102,원창기업,36.70381704,127.2182871
4130049500,102,대교2리마을회관앞교차로,36.50712911,127.21774301
4130049600,101,송성삼거리,36.62734928,127.21810611
4130049700,104,송성교,36.65576924,127.21842868
4130049800,101,신정리399-1,36.69451192,127.21864259
4130049900,101,신정리190-1,36.68877907,127.2187561
4130050000,101,한국콜마,36.69849311,127.21880432
4130050100,104,산학교,36.49283949,127.2188146
4130050200,101,금암삼거리,36.43824156,127.21871782
4130050300,101,금암삼거리,36.43779358,127.21871862
4130050400,101,개미고개삼거리,36.65783259,127.21992232
4130050500,104,산학교,36.49271373,127.21958176
4130050600,101,금암삼거리,36.43786514,127.21996616
4130050700,101,신정리624,36.70140412,127.22075317
4130050800,104,무명교북측,36.54251143,127.22101559
4130050900,101,쌍류삼거리,36.59896537,127.22154607
4130051000,101,산학리노인회관,36.49226656,127.22152602
4130051100,101,전의산업단지,36.69783032,127.22254229
4130051200,104,무명교남측,36.54178908,127.22274779
4130051300,101,봉안교차로,36.49872383,127.22270902
4130051400,101,에뛰드하우스동아아울렛강북점,36.57125168,127.22406807
4130051500,101,도남삼거리,36.44107762,127.22419805
4130051600,104,불티교,36.44076198,127.22438807
4130051700,101,금암리293,36.44460199,127.22468427
4130051800,101,쌍류리산14,36.59827028,127.22544079
4130051900,101,노곡리344,36.70090921,127.2259788
4130052000,103,속성변화점,36.44911461,127.22527666
4130052100,101,남양유업,36.49887935,127.22583602
4130052200,103,속성변화점,36.48997135,127.22636347
4130052300,101,용암삼거리,36.59856596,127.22670711
4130052400,101,용암삼거리,36.59908475,127.22711459
4130052500,101,노곡리356,36.70139862,127.22745644
4130052600,101,연기대첩비교차로,36.59945505,127.22720783
4130052700,104,용암교,36.59854918,127.22721994
4130052800,101,송침삼거리,36.45225068,127.22684896
4130052900,104,용암교,36.59797748,127.22737803
4130053000,102,하노곡,36.70210695,127.22789941
4130053100,101,노곡리162-1,36.7013499,127.22794783
4130053200,104,수산2교,36.53975826,127.22762799
4130053300,101,봉안리,36.49903345,127.22809725
4130053400,103,속성변화점,36.45369732,127.22820882
4130053500,101,고운동2064,36.51668532,127.22855368
4130053600,104,무명교남측,36.53906791,127.2292504
4130053700,104,불티교,36.43929228,127.2290957
4130053800,101,고운동2057,36.51229433,127.22949331
4130053900,101,고운동2064,36.51801352,127.22961517
4130054000,101,가락초등학교앞교차로,36.5149634,127.22972364
4130054100,101,으뜸초등학교앞교차로,36.51023285,127.22984866
4130054200,101,가락초등학교,36.51605698,127.23019996
4130054300,101,도남리49-1,36.43870222,127.23018169
4130054400,101,고운동2064,36.51942934,127.23046479
4130054500,102,수산리정류장앞,36.54092416,127.23071861
4130054600,101,고운동2064,36.5173754,127.23070295
4130054700,106,수산교차로북측,36.53843596,127.23077894
4130054800,101,세종비전교회,36.5081469,127.23080775
4130054900,102,복지시설,36.53064766,127.23102063
4130055000,101,고운동1250,36.51714632,127.23108463
4130055100,102,고운동2067,36.51847847,127.23110533
4130055200,102,동막골노인회관,36.64416489,127.2317782
4130055300,101,청람리,36.66099076,127.23194915
4130055400,102,고운동1005,36.51890203,127.23157701
4130055500,101,세종새누리교회,36.517651,127.23166514
4130055600,101,고운동2064,36.52073393,127.23177768
4130055700,101,수산삼거리,36.54167479,127.23208879
4130055800,101,고운동1250,36.51804294,127.23211594
4130055900,101,고운동2073,36.5006308,127.23213625
4130056000,102,마음안1로종점,36.52256548,127.23222472
4130056100,101,도남리136-1,36.44244377,127.23206178
4130056200,101,고운동739-352,36.49967529,127.23225604
4130056300,101,송정리312-6,36.62505611,127.23264311
4130056400,102,고운동2063,36.51595551,127.23241617
4130056500,101,브랜드하우징,36.50620173,127.2323951
4130056600,103,속성변화점,36.65833202,127.23295773
4130056700,101,고운동2073,36.50501127,127.23250281
4130056800,101,고운동2073,36.50188316,127.23250844
4130056900,101,고운동2075,36.50069426,127.23259888
4130057000,102,고운동2071,36.50720074,127.23266454
4130057100,102,고운동2071,36.50893299,127.23274194
4130057200,101,꺼먹지명태조림,36.50644816,127.23278363
4130057300,101,도남리,36.44589967,127.23263974
4130057400,101,고운동1005,36.51925698,127.23297391
4130057500,101,고운동2064,36.52131565,127.2330088
4130057600,101,SK주유소,36.5145175,127.23305922
4130057700,101,솔라가드,36.51562495,127.23307265
4130057800,102,고운동1363,36.51673054,127.23315793
4130057900,101,고운빛교회,36.50552301,127.23318848
4130058000,101,주평화교회,36.51891748,127.23324718
4130058100,106,수산교차로,36.53699811,127.23347757
4130058200,101,고운동2077,36.49982244,127.23340554
4130058300,101,고운동1363,36.51543102,127.23348028
4130058400,102,고운동2061,36.51712431,127.23369147
4130058500,101,도남리입구,36.43906733,127.23347964
4130058600,101,고운동2071,36.50928294,127.23371732
4130058700,106,수산교차로,36.53752195,127.23380604
4130058800,101,고운동2058,36.51097631,127.23384773
4130058900,102,고운동2060,36.51803799,127.23395133
4130059000,101,고운동2058,36.50618648,127.23404738
4130059100,101,고운고등학교앞,36.50942939,127.23413711
4130059200,101,세븐일레븐,36.51940802,127.23417919
4130059300,102,고운동2061,36.51745288,127.23421125
4130059400,102,상노곡,36.70067541,127.23478459
4130059500,101,로뎀1차앞교차로,36.51618458,127.23434374
4130059600,101,세종명성교회,36.50473437,127.23435681
4130059700,101,고운동2072,36.50590153,127.23437851
4130059800,101,고운뜰,36.51684391,127.23470734
4130059900,101,푸른하늘교회,36.51849831,127.23478596
4130060000,101,고운동2072,36.50504909,127.23474908
4130060100,104,조천3교북측,36.66469778,127.23524861
4130060200,101,고운동1220,36.51649503,127.23497609
4130060300,101,고운동578-1,36.52987669,127.2350406
4130060400,101,다정동399-1,36.49774412,127.23504393
4130060500,101,지코바,36.50802875,127.23509532
4130060600,101,만남로5길교차로,36.50187384,127.23513595
4130060700,101,만남로3길교차로,36.50150126,127.2351368
4130060800,101,세종승리교회,36.51869719,127.2352532
4130060900,101,고운동1374,36.51986854,127.23550626
4130061000,101,사랑의교회,36.51952017,127.23565879
4130061100,101,만남로1길교차로,36.50080717,127.23568454
4130061200,101,도남리5-1,36.43757358,127.23553443
4130061300,101,365PLUS,36.50743588,127.23576994
4130061400,101,GS25세종골드점,36.51690985,127.2358101
4130061500,101,다정동400-1,36.49875105,127.23595744
4130061600,101,도남리106-5,36.43850103,127.23580845
4130061700,101,올망초등학교,36.49986035,127.23614714
4130061800,101,고운동2074,36.50079337,127.23616326
4130061900,101,고운동2074,36.50186786,127.2361901
4130062000,101,만남로4길교차로,36.50078161,127.23665903
4130062100,101,만남로6길교차로,36.5018676,127.23666314
4130062200,101,고운동2057,36.50314079,127.23694043
4130062300,106,수산교차로남측,36.53585583,127.2370522
4130062400,101,다정동397-4,36.49654929,127.23711427
4130062500,101,고운동2058,36.50388427,127.23743296
4130062600,101,고운동2057,36.52021799,127.23763306
4130062700,102,산림환경연구소,36.43647635,127.23737756
4130062800,104,송학교,36.47336736,127.23802493
4130062900,101,송학교,36.47545475,127.23843576
4130063000,103,속성변화점,36.53515751,127.23864612
4130063100,101,고운동2076,36.50014611,127.23854132
4130063200,101,만남로8길교차로,36.50186299,127.23855074
4130063300,101,중흥프리디움앞,36.50248281,127.23867973
4130063400,101,한내들어린이집,36.5057488,127.23870509
4130066500,106,석곡리344,36.66335622,127.24215441
4130066600,108,청람교차로,36.66305456,127.24218913
4130066700,106,석곡리344,36.66281189,127.24218968
4130066800,101,미니스톱,36.51739378,127.24173954
4130066900,101,아름4교,36.51945099,127.24272893
4130067000,104,송암교,36.46358815,127.24259642
4130067100,101,세종큰사랑교회,36.51075205,127.24287732
4130067200,101,보듬3로교차로,36.51195365,127.24297041
4130067300,104,아름4교,36.51929904,127.24312133
4130067400,104,아름3교,36.51483918,127.24331428
4130067500,106,석곡리340-9,36.66310309,127.24384234
4130067600,101,축산물품질평가원남동측교차로,36.51275769,127.24341698
4130067700,101,다정동산35-1,36.48915608,127.24345217
4130067800,104,아름4교,36.5190311,127.24384843
4130067900,104,아름2교,36.51193288,127.24383218
4130068000,104,송암교,36.46433528,127.24406654
4130068100,104,아름1교,36.50866906,127.2442199
4130068200,101,원봉리199,36.45867263,127.24407515
4130068300,104,아름3교,36.51482221,127.24431053
4130068400,104,주추지하차도북측,36.52125969,127.24467806
4130068500,101,한결유치원,36.49605741,127.2448168
4130068600,104,아름2교,36.51185561,127.24496059
4130068700,101,가재마을5단지,36.49943846,127.24494083
4130068800,104,아름1교,36.50852833,127.24500126
4130068900,101,민마루중학교,36.50183962,127.24503221
4130069000,101,민마루고등학교,36.50511156,127.2451013
4130069100,101,새롬동380-3,36.48608992,127.24512
4130069200,104,아로내2교,36.50720107,127.24526232
4130069300,101,다정동332-2,36.49340106,127.24527491
4130069400,104,아로내2교,36.50776407,127.24545567
4130069500,101,SK충전소남세종,36.46500339,127.24541866
4130069600,101,아름중학교삼거리,36.51491246,127.24562589
4130069700,101,보듬7로교차로,36.51867243,127.24566643
4130069800,101,아로내2교,36.50835163,127.2456587
4130069900,101,새롬동341-183,36.48244793,127.24610159
4130070000,101,아름동복합커뮤니티센타사거리,36.51175954,127.24624945
4130070100,101,가람동951,36.4793036,127.24617625
4130070200,101,아름동1463,36.5205609,127.24680166
4130070300,104,사오리지하차도남측,36.4766812,127.24666446
4130070400,101,새롬동,36.49004201,127.24681253
4130070500,101,원봉리603,36.44555746,127.24674608
4130070600,101,한솔동1224,36.47813181,127.24723133
4130070700,104,아로내1교,36.50506531,127.24756857
4130070800,102,바른6길교차로,36.51918005,127.2476237
4130070900,101,한솔동1227,36.47976478,127.24761442
4130071000,102,바른7길교차로,36.52103187,127.24787031
4130071100,101,어울로2길교차로,36.47727738,127.24778598
4130071200,101,한솔동1224,36.47935977,127.24780893
4130071300,101,새롬동321-1,36.48679835,127.24795944
4130071400,101,첫마을푸르지오5단지502동앞,36.47699707,127.24806123
4130071500,101,아름동복합커뮤니티센타동측교차,36.51167346,127.24819662
4130071600,104,모개고가차도,36.525559,127.24831981
4130071700,101,다정동6-4,36.49592615,127.24824972
4130071800,104,아로내1교,36.50505459,127.24841817
4130071900,101,다정동9-4,36.49368262,127.24846033
4130072000,101,세종교회,36.51906124,127.24878305
4130072100,101,어울로1길교차로,36.47780052,127.24867534
4130072200,101,은하수교차로,36.52772469,127.24883592
4130072300,101,하우투영어학원,36.4959165,127.24885475
4130072400,101,다정동7-4,36.49471349,127.24892877
4130072500,101,세종새마을금고종촌동지점앞,36.50504897,127.24902762
4130072600,101,첫마을푸르지오5단지501동앞,36.47752451,127.24895454
4130072700,101,다정동363-193,36.49367985,127.24907811
4130072800,101,한솔동1227,36.4802422,127.24912669
4130072900,101,세종엠코타운,36.49917586,127.24922356
4130073000,101,세종과학예술영재학교앞,36.52189778,127.24940474
4130073100,101,한솔동1224,36.47984399,127.24932654
4130073200,102,바른5길교차로,36.5196025,127.24949232
4130073300,101,한솔동1224,36.4793764,127.24956037
4130073400,101,새롬동341-125,36.4829892,127.24957848
4130073500,102,E마트,36.47088754,127.24962233
4130073600,101,다정동363-183,36.49362379,127.24969863
4130073700,101,맑은물세종교회,36.47796148,127.24968035
4130073800,101,센텀파크어린이집,36.5075265,127.24978068
4130073900,101,아름동1458,36.50951243,127.24989564
4130074000,101,다정동363-422,36.49058268,127.24985051
4130074100,104,금강교,36.4643182,127.2497843
4130074200,101,새롬동305-1,36.48713762,127.24986267
4130074300,101,우리은행세종종촌동지점,36.50498367,127.24996155
4130074400,101,어울로3길교차로,36.47906093,127.24990453
4130074500,101,NH농협은행아름동지점앞,36.51108098,127.25003174
4130074600,104,종촌2교,36.50106009,127.2500644
4130074700,101,기쁨의교회,36.51157773,127.25010531
4130074800,101,세종늘푸른교회,36.50395897,127.2501222
4130074900,101,세종중앙농협아름지점앞,36.51206712,127.25017301
4130075000,104,종촌2교,36.50145796,127.25029975
4130075100,104,금강교,36.45977078,127.25019927
4130075200,101,아름동교차로,36.51329686,127.25037247
4130075300,101,종촌3교,36.50205438,127.25043046
4130075400,101,주아름교회,36.51942161,127.25050619
4130075500,101,새롬동454-4,36.48724815,127.25054661
4130075600,101,국공립송원어린이집,36.48069886,127.25057413
4130075700,101,새롬동산25,36.48629182,127.25064676
4130075800,104,모개고가차도,36.53114684,127.25097175
4130075900,104,세종로고가1북측,36.47249283,127.2507895
4130076000,101,국공립송원어린이집,36.47975635,127.25086484
4130076100,102,성정리,36.42247304,127.25073354
4130076200,101,아름동1463,36.52153674,127.25124298
4130076300,101,신대1리마을회관,36.58127631,127.25153001
4130076400,101,대전충남우유농협,36.51629276,127.25139986
4130076500,102,바른4길교차로,36.52048045,127.25144738
4130076600,101,신대사거리,36.57813484,127.25167209
4130076700,101,세종중앙농협한솔지점,36.47637704,127.25135597
4130076800,101,새롬동산5,36.48742093,127.2515289
4130076900,101,가람동65-9,36.46998995,127.25154327
4130077000,101,센텀파크2차1218동앞,36.50718514,127.25167412
4130077100,104,종촌1교,36.49900632,127.2516982
4130077200,101,범지기길교차로,36.51617905,127.25176234
4130077300,101,신대사거리,36.57777704,127.25202226
4130077400,101,새롬동주민센터,36.4844902,127.25176479
4130077500,101,새롬동341-69,36.4835707,127.25186924
4130077600,101,다솜어린이집앞,36.47576176,127.25200423
4130077700,101,범지기길교차로,36.51605538,127.25218932
4130077800,101,달빛1로교차로,36.52051619,127.25231667
4130077900,102,한솔초등학교앞,36.47802554,127.25219537
4130078000,102,번암리노인마을회관,36.56385809,127.2525025
4130078100,101,국공립아름숲어린이집,36.51951522,127.25238143
4130078200,104,종촌1교,36.4989617,127.25234363
4130078300,101,지하차도,36.50706171,127.25243012
4130078400,101,새롬동341-71,36.48398906,127.25239659
4130078500,101,가람교차로,36.47161644,127.2527277
4130078600,101,보듬7로교차로,36.51949487,127.25321255
4130078700,101,영곡리669-2,36.45899105,127.25301717
4130078800,101,범지기길교차로,36.51913665,127.25324236
4130078900,101,새롬동341-77,36.48459579,127.25318341
4130079000,101,선한교회,36.4803585,127.25329783
4130079100,101,세종풍요로운교회,36.48159949,127.25350707
4130079200,102,바른3길교차로,36.51978168,127.25364148
4130079300,101,어울로4길교차로,36.48092311,127.25362657
4130079400,101,와촌리1344,36.56328469,127.25391669
4130079500,104,터널서측,36.51150659,127.2537721
4130079600,101,어진동688,36.50701714,127.25394879
4130079700,101,코끼리어린이집,36.50378511,127.25405716
4130079800,101,어울로4길교차로,36.48089809,127.25406013
4130079900,101,다정동363-72,36.49269794,127.25410475
4130080000,101,다정동363-399,36.49083808,127.25425982
4130080100,104,터널동측,36.51157334,127.25436996
4130080200,101,미르초등학교북측교차로,36.47351954,127.25427488
4130080300,101,도담동930,36.51080166,127.25462193
4130080400,101,청송리142-2,36.66386548,127.25525639
4130080500,101,새롬동83-3,36.48874688,127.25475833
4130080600,104,세종로고가1남측,36.47087122,127.25475969
4130080700,106,석곡리14-5,36.66036889,127.25549824
4130080800,101,도담동930,36.50947505,127.25504905
4130080900,101,세종공주원예농협행복지점,36.47439276,127.25500463
4130081000,101,한솔동1227,36.48209665,127.25515256
4130081100,101,어울로4길교차로,36.48167439,127.25527747
4130081200,101,다솜1로교차로,36.51094126,127.25539115
4130081300,101,나성동755,36.49249811,127.25545864
4130081400,106,석곡리경로당,36.65886216,127.25608809
4130081500,101,다정동755,36.49100405,127.25555373
4130081600,101,도담동930,36.50822775,127.25563627
4130081700,101,늘봄초등학교,36.51475788,127.25566911
4130081800,101,세종꿈의교회,36.47857003,127.25560079
4130081900,101,방축사거리,36.51181199,127.25572351
4130082000,101,종촌교차로,36.49872148,127.25573518
4130082100,101,세종극동스타클래스1차102동앞,36.51101758,127.25582432
4130082200,101,보듬5로교차로,36.5162354,127.25589353
4130082300,102,보덕2구마을회관,36.64381928,127.25633207
4130082400,101,어진동688,36.50737455,127.25599626
4130082500,101,나성동755,36.48900923,127.25594145
4130082600,101,석곡교차로,36.65896038,127.25650633
4130082700,102,삼성래미안7단지706동앞,36.47085472,127.25594052
4130082800,102,밀마루전망대,36.50563453,127.2561005
4130082900,101,초롱별유치원앞,36.50980488,127.25628846
4130083000,101,다솜1로교차로,36.49991682,127.25627213
4130083100,101,새롬동454-3,36.4852032,127.25628196
4130083200,101,도시통합정보센터,36.4930889,127.25631765
4130083300,106,연기군농산물쇼핑몰,36.65901108,127.25687065
4130083400,101,나성동361-86,36.49239579,127.25634561
4130083500,104,한누리대로지하북측,36.4937344,127.25636296
4130083600,101,하늘가득어린이집,36.47568741,127.25637168
4130083700,101,나성동726,36.49430077,127.25644552
4130083800,104,학나래교서측,36.47029066,127.25637495
4130083900,101,한국주택금융공사세종지사,36.49115491,127.25645295
4130084000,101,갈운3리입구,36.5186474,127.2566814
4130084100,101,연서중학교,36.58106201,127.25692301
4130084200,101,도청길입구,36.66182102,127.25724384
4130084300,104,어진3교,36.49866965,127.2567856
4130084400,101,어진어린이집,36.50116532,127.25682281
4130084500,106,석곡리376-8,36.65778385,127.25734946
4130084600,104,빗돌터널,36.53444699,127.25695842
4130084700,101,커피에반하다세종나성점,36.48918622,127.25681372
4130084800,104,한누리대로고가남측,36.49591871,127.25685599
4130084900,104,해지개1교,36.51620743,127.25695498
4130085000,101,어진1교,36.49630759,127.2570059
4130085100,101,세종제일교회북측교차로,36.5034618,127.25704673
4130085200,104,한누리대로지하남측,36.48830178,127.25709932
4130085300,101,북적북적만화카페,36.4912179,127.25721093
4130085400,101,세종극동스타클래스1차108동앞,36.50867249,127.25731839
4130085500,101,안양유치원,36.50234544,127.25737379
4130085600,101,나성동766,36.48982729,127.25743426
4130085700,104,어진3교,36.49853688,127.25755728
4130085800,101,새롬동755,36.48571105,127.25753067
4130085900,101,커피에반하다세종나성점,36.48930964,127.25757579
4130086000,104,해지개1교,36.51618805,127.25769264
4130086100,101,종촌사거리,36.50328702,127.25780136
4130086200,101,아이뜰어린이집,36.48308446,127.25774457
4130086300,101,홈플러스365세종40H점,36.50782299,127.25785569
4130086400,104,한누리대로지하북측,36.48662514,127.25790223
4130086500,101,보듬3로교차로,36.51617546,127.25804973
4130086600,101,와촌리1262-22,36.55817273,127.2582574
4130086700,101,어진교차로,36.49835032,127.25816801
4130086800,101,세종우리신협나성지점,36.48598846,127.25830817
4130086900,101,홈플러스세종점,36.50667043,127.25849499
4130087000,101,국민권익위원회,36.50545366,127.25861479
4130087100,101,보듬3로교차로,36.51235832,127.25869548
4130087200,101,한솔지구대,36.48006502,127.25859868
4130087300,101,어진1교,36.49574943,127.25874118
4130087400,101,어진동752,36.49753653,127.25884168
4130087500,104,용수1교,36.40921634,127.25856479
4130087600,101,별정우체국중앙회,36.51615528,127.25894355
4130087700,104,한누리대로고가남측,36.51528109,127.25899041
4130087800,101,해지개2교,36.51791572,127.25901
4130087900,101,윤빛어린이집,36.49966646,127.25899609
4130088000,101,청송리97-2,36.65939414,127.25955867
4130088100,101,바른미래당세종특별자치시당,36.48628449,127.25900053
4130088200,101,신한은행세종지점,36.4836499,127.25900352
4130088300,101,나성동361-27,36.49134508,127.25912606
4130088400,101,아름동804,36.52134073,127.25925273
4130088500,101,종촌교차로,36.49803247,127.25920845
4130088600,104,한누리대로고가북측,36.52027461,127.25940059
4130088700,101,행정안전부별관,36.50039827,127.25935026
4130088800,101,나성동361-44,36.49010073,127.25933204
4130088900,101,가름로교차로,36.49796452,127.25943457
4130089000,101,세종NS타워2,36.48960689,127.25941189
4130089100,101,세종중앙농협도담지점,36.51252376,127.25955241
4130089200,104,한누리대로고가북측,36.50080056,127.25953901
4130089300,101,도담1교,36.50829737,127.2597481
4130089400,101,행정안전부별관,36.50127609,127.25976466
4130089500,101,신한은행세종지점,36.48400519,127.25973019
4130089600,104,한누리대로고가남측,36.52210498,127.25991891
4130089700,101,송곡2교,36.63010118,127.26032988
4130089800,101,KB국민은행세종지점,36.48222648,127.2600209
4130089900,104,나리로고가차도,36.47735828,127.26000503
4130090000,104,한누리대로지하북측,36.51121172,127.2601383
4130090100,104,빗돌터널,36.53532618,127.26025156
4130090200,101,세계맥주까페,36.50250387,127.26034549
4130090300,101,나성동346-1,36.49144786,127.26039796
4130090400,101,중앙토지수용위원회,36.49898051,127.26044094
4130090500,101,호반베르디움어반시티1004동앞,36.51046362,127.26060695
4130090600,101,국세청앞,36.48441387,127.26053133
4130090700,101,봉기교회,36.47993337,127.26054392
4130090800,101,나성동362-1,36.48980724,127.26063573
4130090900,101,우리은행세종첫마을지점,36.48257304,127.26075174
4130091000,101,건설기술교육원,36.48707666,127.26085116
4130091200,101,카페베네정부청사보훈처점,36.50379152,127.2609591
4130091300,101,세종행복2차아파트앞,36.50986745,127.26098733
4130091400,101,세종파이낸스센터2차,36.49749341,127.2609731
4130091500,101,고복리23-12,36.59907206,127.26148329
4130091600,101,보건복지부남측,36.50223808,127.26120886
4130091700,101,산업통상자원부,36.49980938,127.2612644
4130091800,102,방축2길교차로,36.51960625,127.26138421
4130091900,101,아이새싹어린이집,36.48640157,127.26127815
4130092000,101,도림4교,36.50461547,127.26134674
4130092200,101,스타벅스세종첫마을점,36.48034586,127.26136506
4130092300,101,다솜2로교차로,36.49849102,127.26144078
4130092400,104,한누리대로지하남측,36.48165221,127.26140857
4130092500,101,성금교차로,36.50854796,127.26153517
4130092600,101,요거프레소세종나성점,36.48292258,127.26146352
4130092700,101,보덕리산8-1,36.64506318,127.26214184
4130092800,104,한누리대로지하남측,36.50575661,127.26177017
4130092900,101,어진동755,36.49390425,127.26174938
4130093000,101,CU세종첫마을점,36.47842368,127.26170709
4130093100,101,아이새싹어린이집,36.48529689,127.26175657
4130093200,101,NH농협은행세종영업부,36.50682951,127.26188928
4130093300,101,보건복지부북측교차로,36.50331766,127.26190957
4130093400,101,나성동394,36.4875172,127.26188391
4130093500,101,광업등록사무소,36.49959306,127.26197027
4130093700,101,보람로교차로,36.51801749,127.26205638
4130093800,101,소방청,36.48481494,127.26196536
4130093900,101,스타벅스세종첫마을점,36.48070657,127.26208309
4130094000,101,세종법당,36.48205874,127.26210079
4130094100,101,세종파이낸스센터1차,36.49606936,127.26229235
4130094200,101,어진동723,36.50040087,127.26234418
4130094300,101,보람로교차로,36.51604924,127.26255517
4130094400,101,엔제리너스세종첫마을,36.47885427,127.26243117
4130094500,101,정부세종청사종합안내실앞,36.50426008,127.26251822
4130094700,101,나성4교,36.49366888,127.26261307
4130094800,104,나성4교,36.49246313,127.26261917
4130094900,101,세종파이낸스센터1차,36.49696856,127.26269099
4130095100,101,EV충전소,36.48105009,127.26278978
4130095200,101,나성복아구찜탕2,36.48362192,127.2628926
4130095300,101,어진동,36.50169758,127.26296981
4130095400,101,NH농협은행세종영업부,36.50649177,127.26300252
4130095500,106,석곡리90-11,36.65022732,127.26350269
4130095600,101,도담고사거리,36.51315138,127.26304717
4130095700,101,달콤커피세종청사점,36.50726257,127.26303448
4130095800,101,할리스커피세종어진점,36.50804597,127.26307603
4130095900,101,나성동367-2,36.49020035,127.26302379
4130096000,101,할리스커피세종어진점,36.50859825,127.26312045
4130096100,101,하루세끼,36.49574971,127.26312236
4130096200,101,첫마을교차로,36.4792532,127.26311978
4130096300,101,롯데헬스원,36.50260753,127.26340201
4130096400,101,도담동905,36.52004245,127.26358739
4130096500,101,파크랜드,36.49669892,127.2635736
4130096600,101,세종청파교회,36.48278433,127.26361578
4130096700,104,성재교,36.58859666,127.26403452
4130096800,101,보람로교차로,36.51105314,127.26387099
4130097000,101,나성동698-7,36.48412312,127.2638865
4130097100,101,대원짬뽕면가,36.50380643,127.26397147
4130097200,101,세종세무서,36.49545245,127.26396966
4130097300,101,도담동903,36.52015712,127.26420158
4130097400,101,갈매로교차로,36.51852658,127.26422314
4130097500,101,라온어린이집,36.49797221,127.26417892
4130097600,101,아름동,36.50131567,127.26421273
4130097700,101,나성동164-1,36.48171768,127.26415953
4130097800,104,학나래교동측,36.46744586,127.2641263
4130097900,101,성제삼거리,36.58899053,127.26456617
4130098000,101,나성동141-1,36.4798598,127.26443112
4130098100,106,석곡리5,36.64902626,127.26507411
4130098200,101,해외문화홍보원,36.49879206,127.26456868
4130098300,101,보람로교차로,36.50851229,127.26460985
4130098400,101,나성동204,36.48325538,127.26453722
4130098500,101,전동교차로,36.64944888,127.26531176
4130098600,101,모든오피스,36.50195513,127.2648134
4130098700,101,보훈심사위원회,36.49630641,127.26483283
4130098800,101,농림축산식품부,36.50589653,127.26496428
4130098900,106,석곡리91-5,36.64976332,127.26550143
4130099000,101,교육부,36.49982119,127.26505796
4130099100,101,나성동212-1,36.48469237,127.26510387
4130099200,101,나성동161,36.48226238,127.26528185
4130099300,101,갈매로교차로,36.51596126,127.26554165
4130099400,104,절재로지하차도,36.50839797,127.26553169
4130099500,101,삼성화재창원육성지점,36.50331899,127.26555271
4130099600,101,레드스타,36.50089856,127.26557018
4130099700,101,세종청사차오름어린이집,36.49699808,127.26562307
4130099800,101,나성동199,36.48381937,127.26574725
4130099900,101,개똥이네원주점,36.50178409,127.26599121
4130100000,101,국촌리202-2,36.57492993,127.26625599
4130100100,104,나리로고가차도,36.4801868,127.26594411
4130100200,101,NH농협은행어진동지점,36.49563805,127.26606893
4130100300,101,나성동151-1,36.48126594,127.2660576
4130100400,101,산울리616,36.53438357,127.26631989
4130100500,101,나성동214-2,36.48521889,127.26620428
4130100600,104,전동과선교,36.65117134,127.26677462
4130100700,101,세종전동우체국,36.65356187,127.26679814
4130100800,101,올고운어린이집,36.49823137,127.26638738
4130100900,101,갈매로교차로,36.51376936,127.26648884
4130101000,106,석곡리1-5,36.64881749,127.26697194
4130101100,101,세종청사차오름어린이집,36.49645723,127.26645866
4130101200,101,성덕1리입구,36.46091928,127.26634838
4130101300,101,나성동178,36.48285348,127.26645907
4130101400,101,교육부교육정보디지털도서관,36.49932744,127.26654621
4130101500,101,골든파크,36.50300488,127.26657165
4130101700,101,세종힐스테이트707동앞,36.51160639,127.26684006
4130101800,101,사름지하차도,36.480357,127.26676522
4130101900,101,정부세종청사,36.50390697,127.26700057
4130102000,101,대평동582-2,36.46658665,127.26702506
4130102100,101,매곡부동산,36.49798525,127.26718565
4130102200,101,버드소리세종점,36.4942496,127.26724855
4130102300,101,눌왕교,36.54373298,127.2674479
4130102400,101,전동삼거리,36.65490635,127.26797735
4130102500,101,예그리나어린이집,36.50510404,127.26757301
4130102600,101,국립세종도서관,36.49876383,127.2675561
4130102700,101,나성동660-1,36.48336926,127.26755897
4130102800,101,양지고등학교앞,36.5089269,127.2677315
4130102900,101,청사교차로,36.507889,127.26779168
4130103000,101,예그리나어린이집,36.50597192,127.26782539
4130103100,102,세종시자동차검사소,36.46677924,127.26789062
4130103200,101,한별리700-2,36.53738481,127.26816692
4130103300,101,어진동747,36.49372841,127.26801794
4130103400,104,갈거리교,36.65229748,127.26868597
4130103500,104,전동과선교,36.65264987,127.26869116
4130103600,101,EV충전소세종호수공원제2주차장,36.50009383,127.26818891
4130103700,101,대평동583-3,36.46750496,127.26821645
4130103800,104,한두리교,36.47215857,127.26824911
4130103900,101,나성동155-3,36.48234504,127.26828809
4130104000,104,갈거리교,36.65202856,127.26892059
4130104100,103,속성변화점,36.49354304,127.26842128
4130104200,102,국실길입구,36.42790527,127.26823735
4130104300,104,제2노장교,36.6751596,127.26927954
4130104400,101,대평동584-2,36.46851979,127.26868377
4130104500,101,공정거래위원회,36.50471159,127.26885307
4130104600,104,제2노장교,36.67513411,127.26946816
4130104700,101,부동교차로,36.56000948,127.26920396
4130104800,101,대평동585-1,36.46914369,127.26895993
4130104900,104,송곡교,36.63085651,127.26960852
4130105000,101,어진동735,36.50219766,127.26918997
4130105100,101,송곡교,36.63055017,127.26974593
4130105200,101,금남교앞,36.48086636,127.26922785
4130105300,101,성덕리입구,36.45718167,127.26919699
4130105400,101,로엘치킨호수공원점,36.49732133,127.269339
4130105500,101,노장리산143-10,36.65920731,127.2699552
4130105600,104,지하차도서측,36.47134816,127.26941149
4130105700,103,속성변화점,36.59189796,127.26983611
4130105800,101,대평동574-2,36.47040347,127.26954509
4130105900,104,금남교,36.48025996,127.26960704
4130106000,106,조천2교후방,36.64738054,127.27019322
4130106100,101,노장리455-2,36.66093606,127.27026214
4130106200,101,세종리548-87,36.49153608,127.26976173
4130106300,101,CU세종호수의아침점,36.50361687,127.26986529
4130106400,102,대평동274-2,36.47091431,127.2697847
4130106500,101,디에떼에스프레소세종청사점,36.50430139,127.27019103
4130106600,106,조천2교,36.64655421,127.2708126
4130106700,101,드림푸드트럭,36.49938743,127.27048747
4130106800,101,연기삼거리,36.54347887,127.27072497
4130106900,102,대평동484-38,36.46663833,127.27067773
4130107000,104,절재로지하차도,36.50681717,127.27087641
4130107100,104,조천2교,36.64644249,127.2713987
4130107200,101,유대식부동산,36.6495875,127.27141715
4130107300,106,조천2교,36.64674994,127.27141343
4130107400,101,대평동585-8,36.46806611,127.27105925
4130107500,101,연기교,36.54319409,127.27140528
4130107600,101,대평동586-9,36.46873151,127.27123805
4130107700,101,대평동586-8,36.4693226,127.27139628
4130107800,101,세종리107-114,36.48869358,127.27157631
4130107900,101,대평동275-5,36.46999123,127.27157586
4130108000,104,조천2교,36.6457184,127.27223325
4130108100,101,공단교,36.55588762,127.27204976
4130108200,101,한누리교차로,36.47078006,127.27181772
4130108300,101,연서면보건지소,36.5920479,127.27224868
4130108400,101,연기삼거리,36.54445399,127.27212868
4130108500,104,제1노장교,36.66813257,127.27259703
4130108600,101,커피생각,36.50371641,127.27212061
4130108700,101,연기삼거리,36.54289848,127.27234709
4130108800,104,제1노장교,36.66856484,127.27290324
4130108900,102,연세유치원,36.50500642,127.27236031
4130109000,101,연서면,36.59211385,127.27287901
4130109100,101,대평동484-10,36.46879313,127.27252813
4130109200,101,세종더샵레이파크301동앞,36.50616595,127.27276429
4130109300,104,금남교남측,36.47467637,127.27290232
4130109400,105,천안시동남구-세종특별자치시,36.69501409,127.27374704
4130109500,104,대평지하차도서측,36.46671472,127.27309513
4130109600,104,성덕교,36.45855364,127.27319892
4130109700,101,대평동201-14,36.47387887,127.27335219
4130109800,104,한누리지하차도,36.47077978,127.27345738
4130109900,101,유라테크앞,36.64370249,127.27457694
4130110000,101,세종고속시외버스터미널교차로,36.46898586,127.27398793
4130110100,101,대평동123-51,36.47261633,127.27405687
4130110200,101,해들교차로,36.46713447,127.2743113
4130110300,101,연기교,36.54233833,127.27467852
4130110400,104,백룡교,36.42766005,127.27434551
4130113300,101,채나무길시점,36.42816998,127.27705317
4130113400,101,봉암교차로동측,36.41669903,127.27702444
4130113500,104,용수3교,36.41713589,127.27702749
4130113600,104,대평지하차도동측,36.46825661,127.27735436
4130113700,101,연기사거리,36.5530269,127.27772248
4130113800,101,봉산1리마을구판장,36.60686302,127.27793634
4130113900,104,가자교,36.42890555,127.27741088
4130114000,104,가자교,36.4295378,127.27748348
4130114100,104,용수4교,36.4275374,127.27752129
4130114200,101,봉산리96-1,36.60384662,127.27815618
4130114300,101,은둘IC교교차로,36.43113897,127.27774898
4130114400,101,펠리체타워1,36.47323187,127.27793191
4130114500,101,봉암리215,36.41763226,127.27773685
4130114600,101,도암1리경로당,36.44417915,127.27784235
4130114700,103,속성변화점,36.54908955,127.27833885
4130114800,101,당산마을,36.5484194,127.27846209
4130114900,101,모롱지네교,36.50202364,127.27833158
4130115000,101,봉산리333,36.60438776,127.2787383
4130115100,101,봉암리129-1,36.41886545,127.27807428
4130115200,101,은둘IC교교차로,36.43101399,127.27824893
4130115300,104,용수4교,36.4234734,127.27825754
4130115400,101,세종시농업기술센터입구,36.57702079,127.2789412
4130115500,101,우남퍼스트빌304동앞,36.47264843,127.27866216
4130115600,101,용포4리입구,36.46129932,127.27889896
4130115700,101,봉산리65-12,36.60499605,127.279427
4130115800,101,두만리514,36.43226757,127.27885363
4130115900,103,속성변화점,36.4764969,127.27910345
4130116000,105,청주시흥덕구-세종특별자치시,36.64076561,127.27972618
4130116100,101,호수공원교차로,36.50464455,127.2792518
4130116200,104,봉산교남측,36.60516987,127.27964093
4130116300,104,지하차도서측,36.46893495,127.27925448
4130116400,101,연기공단사거리,36.55578413,127.27971732
4130116500,101,공구빌려주는곳,36.47669159,127.27954571
4130116600,104,봉산교북측,36.60554678,127.2801073
4130116700,101,한별리759,36.53457172,127.27994016
4130116800,101,발산삼거리교차로,36.4595951,127.27972896
4130116900,101,세종리735-115,36.50645271,127.27993752
4130117000,101,용담리208-4,36.42647009,127.27968092
4130117100,101,대평동75-8,36.46925688,127.28013949
4130117200,101,오봉로입구,36.60619833,127.28071642
4130117300,101,우남퍼스트빌306동앞,36.47115161,127.28053555
4130117400,101,발산삼거리,36.45871533,127.28061848
4130117500,103,속성변화점,36.47719,127.28071083
4130117600,101,용포2리길입구,36.46032547,127.28065027
4130117700,101,금남파출소,36.46358076,127.28073444
4130117800,101,발산리308,36.45918742,127.2807657
4130117900,101,침산냇가길입구,36.60594033,127.28155235
4130118000,101,행정중심복합도시3-2생활권,36.47532913,127.28115676
4130118100,101,용포리440-10,36.46570096,127.28128938
4130118200,101,연기3리교차로,36.53469007,127.28177036
4130118300,101,용포리205-4,36.46735067,127.28175142
4130118400,103,속성변화점,36.47768143,127.28186852
4130118500,101,당산로교차로,36.56198796,127.28217996
4130118600,103,속성변화점,36.61446809,127.28239509
4130118700,101,대평주유소,36.46816487,127.28186376
4130118800,101,월하리725-1,36.58465407,127.28230207
4130118900,101,대평중앞,36.46995417,127.28203417
4130119000,101,발산교차로,36.45712966,127.28213162
4130119100,101,봉산리172-3,36.60506443,127.28292629
4130119200,101,연서치안센터,36.5626921,127.28282172
4130119300,103,속성변화점,36.59493229,127.28317914
4130119400,103,속성변화점,36.5329142,127.283047
4130119500,101,보람동664-38,36.47811313,127.28289658
4130119600,101,이지인테리어,36.58223145,127.28340728
4130119700,104,두만교,36.43485345,127.28291458
4130119800,101,금남구죽로교차로,36.46916692,127.28307155
4130119900,101,발산교차로,36.45525614,127.28303232
4130120000,101,노블랜드104동앞,36.47370658,127.28322265
4130120100,104,지하차도,36.56211801,127.28406264
4130120200,104,도암교,36.44658841,127.28366054
4130120300,102,한국고고환경연구소,36.607175,127.28434333
4130120400,101,여울초교앞,36.4765755,127.28388919
4130120500,101,발산교차로,36.45560131,127.2838443
4130120600,101,세종시시민체육과,36.5946078,127.28445114
4130120700,101,서창리121-3,36.6045202,127.28452649
4130120800,103,속성변화점,36.59316093,127.2846527
4130120900,104,지하차도동측,36.47107523,127.28437184
4130121000,101,봉암리입구,36.56165177,127.28485927
4130121100,101,두만리405-3,36.43559589,127.28443667
4130121200,101,연기리79,36.54137995,127.28483613
4130121300,101,발산교차로,36.45598202,127.28460971
4130121400,102,래미안타운,36.60635512,127.28524068
4130121500,101,용담2리입구,36.42236706,127.28456914
4130121600,101,노블랜드103동앞,36.47487157,127.28486263
4130121700,101,세종리114-456,36.50373164,127.28512574
4130121800,101,세종리735-279,36.50435137,127.28519427
4130121900,102,홍익대학교,36.61887424,127.28561854
4130122000,101,GS25,36.60725709,127.28568524
4130122100,101,연두어린이집,36.60623805,127.2857832
4130122200,104,지하차도,36.56105518,127.28570058
4130122300,101,도암교앞,36.45151396,127.28531867
4130122400,101,대평동77-6,36.47198163,127.28540668
4130122500,101,세종리735-488,36.48823393,127.28556604
4130122600,103,속성변화점,36.44425639,127.28535883
4130122700,101,감성교차로,36.44689075,127.28565759
4130122800,102,GS25,36.60733899,127.28625029
4130122900,101,감성리71-7,36.44553531,127.28575505
4130123000,101,세종리566-3,36.50675226,127.28605194
4130123100,101,금남초교앞,36.47150858,127.28603734
4130123200,104,감성교차로,36.44212805,127.28599806
4130123300,104,감성교,36.44076443,127.28599906
4130123400,101,두만교차로,36.43887374,127.285999
4130123500,101,두만리419,36.43793687,127.28603518
4130123600,101,두만교차로,36.43663053,127.2860853
4130123700,104,조천1교,36.63457668,127.28684314
4130123800,101,교육청후문,36.47954179,127.28628126
4130123900,101,GS25신안점,36.61672509,127.28693812
4130124000,101,이편한어린이집,36.59485387,127.28689024
4130124100,101,감성삼거리교차로,36.44423028,127.28637264
4130124200,104,한누리대로지하동측,36.53440642,127.28671183
4130124300,101,고대산책로,36.6060535,127.28704456
4130124400,101,두만리201,36.43219135,127.28645623
4130124500,101,조치원농협신흥지점,36.59291937,127.28717578
4130124600,102,봉암2리마을회관,36.55968792,127.28706806
4130124700,101,두만교차로,36.43523736,127.28660945
4130124800,101,대소침례교회,36.61595859,127.28731534
4130124900,101,보람동664-8,36.47861806,127.2868644
4130125000,101,침산리61-22,36.60280333,127.28735167
4130125100,104,내창1교서측,36.60477797,127.28737179
4130125200,101,감성초등학교,36.44422233,127.28701013
4130125300,102,세종문화예술회관앞,36.59903578,127.28764215
4130125400,101,교육청앞,36.47801361,127.28726163
4130125500,101,금남초등학교,36.47314881,127.28729962
4130125600,102,침산리227-1,36.59831718,127.28783727
4130125700,101,상조천교,36.63566315,127.28802161
4130125800,101,월암교,36.57022534,127.28779792
4130125900,101,충룡아파트,36.59299341,127.2879381
4130126000,101,e편한세종,36.61486637,127.2880844
4130126100,101,월산공단로교차로,36.53084083,127.28793958
4130126200,101,감성리교차로,36.43866889,127.28761391
4130126300,104,내창1교동측,36.60487573,127.2882411
4130126400,101,학골상회,36.44336843,127.28765792
4130126500,101,조치원자이아파트,36.59127334,127.28822399
4130126600,101,세종여고정문,36.60647675,127.28844419
4130126700,101,침산리240-4,36.59839332,127.28847972
4130126800,101,이화로시점,36.59501806,127.28847496
4130126900,104,내창교북측,36.60527476,127.28859505
4130127000,101,내창교,36.60492927,127.28862931
4130127100,104,월암교,36.57122655,127.28854375
4130127200,101,이지더원407동앞,36.47630149,127.28825003
4130127300,101,조치원자이아파트,36.58820126,127.28869822
4130127400,101,감성리125-3,36.44026121,127.28823629
4130127500,101,신안2리사거리,36.62927078,127.28900682
4130127600,104,모시울과선교,36.63140881,127.28911042
4130127700,103,속성변화점,36.60854438,127.28912283
4130127800,101,두만리252-7,36.42892802,127.28857159
4130127900,101,서창마트,36.60637744,127.28934341
4130128000,104,모시울과선교,36.63284509,127.28954048
4130128100,101,조치원1교,36.60502207,127.28953874
4130128200,106,북유성IC,36.42729995,127.2888971
4130128300,101,조치원1교북측,36.6053753,127.28957872
4130128400,104,월암교,36.56893954,127.28960771
4130128500,101,욱일삼거리,36.60315872,127.28982349
4130128600,101,세종패션아울렛,36.57288225,127.28974961
4130128700,101,서창리279,36.60837667,127.28989932
4130128800,101,서창역앞,36.62555259,127.2900297
4130128900,101,세종여고교차로,36.60612274,127.29007036
4130129000,101,침산리76-3,36.60112706,127.29015218
4130129100,101,시청입구,36.48099256,127.28973251
4130129200,104,월암교,36.57059106,127.29013589
4130129300,101,홍대조치원후문,36.62399005,127.29036319
4130129400,101,보통리153,36.54219762,127.29005776
4130129500,101,보람동행정복지센터,36.47912947,127.28986683
4130129600,101,홍대조치원앞,36.62170928,127.29065195
4130129700,101,문화예술회관입구,36.59858577,127.29056588
4130129800,104,지하차도서측,36.47935042,127.29038257
4130129900,103,속성변화점,36.61877371,127.290907
4130130000,101,누리리194-61,36.51625425,127.2905464
4130130100,104,신안과선교북측,36.61937419,127.29109927
4130130200,101,신흥사거리,36.59531371,127.29108529
4130130300,101,풍경채509동앞,36.47742396,127.29089016
4130130400,101,서창장로교회,36.60831719,127.29144798
4130130500,101,신안리49-4,36.61749017,127.29149526
4130130600,101,조치원신흥푸르지오,36.59334317,127.29140518
4130130700,101,월하오거리,36.57541128,127.29159233
4130130800,101,조치원자이아파트,36.59161388,127.29169879
4130130900,101,쌍용자동차,36.60734813,127.2919208
4130131000,101,푸르지오아파트앞,36.59025428,127.29189108
4130131100,101,보통리395,36.54349443,127.29180362
4130131200,101,신안과선교하부,36.61684017,127.29208376
4130131300,103,속성변화점,36.48179773,127.29162719
4130131400,101,월하교차로,36.58855408,127.29212211
4130131500,101,침서교,36.60582522,127.29225169
4130131600,101,산동교차로,36.42700847,127.29158728
4130131700,104,침서교,36.60545995,127.29230181
4130131800,101,산동교,36.42649267,127.29167537
4130131900,101,신흥리76-4,36.59542163,127.29238635
4130132000,101,죽림리112-1,36.59168502,127.29239192
4130132100,101,구렁말길교차로,36.61685381,127.29254975
4130132200,101,욱일아파트,36.60344204,127.29261488
4130132300,101,죽림리176-2,36.59036511,127.29260507
4130132400,101,세종로1,36.60836859,127.2928452
4130132500,106,북유성IC,36.42271504,127.2922532
4130132600,101,신안1리사거리,36.61312858,127.29303556
4130132700,101,중흥클래스1003동앞,36.4823362,127.29258126
4130132800,101,번암사거리,36.58256196,127.29304407
4130132900,101,세종에이플러스센터,36.5955114,127.29312214
4130133000,101,서창사거리,36.6093514,127.29340726
4130133100,101,조치원고대앞,36.61036487,127.2934192
4130133200,101,산막2길종점,36.59400087,127.2934015
4130133300,101,세종시청,36.59347069,127.29346064
4130133400,104,지하차도서측,36.47510218,127.29302924
4130133500,101,누리리194-61,36.52027792,127.29320717
4130133600,101,세종시청,36.59244074,127.29363871
4130133700,101,대한지적공사,36.59182025,127.29374343
4130133800,104,신안과선교남측,36.61595971,127.29385861
4130133900,101,보람동631-7,36.47847582,127.29334046
4130134000,103,속성변화점,36.48301583,127.29342083
4130134100,104,조치원교,36.60673138,127.29391843
4130134200,104,조치원교,36.60634779,127.29398998
4130134300,101,조치원죽림푸르지오,36.59051076,127.29397763
4130134400,106,남세종IC,36.42425563,127.2934045
4130134500,101,공공청사,36.48073374,127.2936489
4130134600,101,죽림리170-1,36.58985328,127.29407669
4130134700,101,죽림사,36.58933772,127.2941537
4130134800,105,유성구-세종특별자치시,36.41868406,127.29364686
4130134900,101,누리리194-61,36.52373633,127.29410051
4130135000,101,조치원지하차도,36.60364034,127.29451089
4130135100,104,제1안산교,36.41932478,127.29385436
4130135200,101,번암주공아파트,36.58665139,127.29454394
4130135300,101,감성리198-3,36.43892792,127.2940473
4130135400,101,신흥리75-1,36.59570689,127.29474839
4130135500,101,누리리847,36.53430741,127.29453371
4130135600,101,개구쟁이어린이집,36.59257123,127.29479161
4130135700,101,리버시티315동앞,36.48409167,127.29438667
4130135800,101,원리151,36.60168314,127.29486904
4130135900,101,두만리40,36.42430266,127.29446549
4130136000,102,삼정하이츠아파트,36.59113239,127.2951383
4130136100,101,보람초교앞,36.47907132,127.29474135
4130136200,101,죽림리392,36.59062378,127.29519152
4130136300,101,침전길입구,36.59902044,127.29531123
4130136400,101,연기경찰서입구,36.58503796,127.29526301
4130136500,101,누리리194-59,36.52969108,127.29513214
4130136600,101,죽림사,36.5894605,127.29538079
4130136700,104,남세종TGTG,36.42277987,127.29485109
4130136800,101,세종경찰서,36.58884574,127.2954979
4130136900,101,번암리66-24,36.58833692,127.29557742
4130137000,101,신흥샛터길입구,36.59714768,127.29563542
4130137100,101,햇님하우스,36.58742445,127.29572028
4130137200,101,장애인복지관,36.58680441,127.29581482
4130137300,103,속성변화점,36.48554048,127.29561904
4130137500,104,지하차도동측,36.48168604,127.29581111
4130137600,101,홈플러스,36.58607597,127.29627616
4130137700,101,조치원지하차도,36.60380626,127.29639393
4130137800,101,리치빌3차아파트,36.58778708,127.29637035
4130137900,101,리버시티301동앞,36.48600718,127.29598362
4130138000,101,세종교차로,36.50049507,127.29608689
4130138100,101,조치원신동아파밀리에,36.59207591,127.29646504
4130138200,101,세종고입구,36.61056145,127.29668258
4130138300,101,더테라스601동앞,36.4768718,127.29618485
4130138400,101,보람동573-5,36.47617744,127.29619871
4130138500,102,새내11길종점,36.60209914,127.29668291
4130138600,101,죽림리209-4,36.59076915,127.29664437
4130138700,101,키즈캐슬어린이집,36.59379546,127.29674505
4130138800,104,햇무리교북측,36.50033529,127.29641626
4130138900,101,조치원역,36.60115785,127.29683164
4130139000,103,속성변화점,36.48676083,127.29646083
4130139100,101,번암리58-6,36.58744051,127.29688001
4130139200,102,신동아파밀리에2,36.59271333,127.29694833
4130139300,101,보람동77-5,36.47636847,127.29650945
4130139400,104,서창교,36.60739772,127.29704366
4130139500,101,조치원신동파밀리에3차,36.58906831,127.29698362
4130139600,104,서창교,36.60697736,127.29711939
4130139700,101,번암리62-1,36.58847774,127.29704963
4130139800,101,소담동509-6,36.48732298,127.29678215
4130139900,101,조치원여자중학교,36.60615841,127.2972523
4130140000,101,도장말길시점,36.58713667,127.29732667
4130140100,103,속성변화점,36.4877425,127.29702167
4130140200,101,교리네거리,36.60393573,127.29764123
4130140300,101,소담동367-2,36.4884081,127.29737335
4130140400,101,삼정오일뱅크,36.59422231,127.29780833
4130140500,101,남리235,36.59599839,127.29789599
4130140600,101,역전교차로,36.60127243,127.29805367
4130140700,103,속성변화점,36.48918873,127.29780449
4130140800,101,대원주택,36.60736744,127.29835461
4130140900,101,소담동498-6,36.48959458,127.29802906
4130141000,101,유명부동산,36.59924177,127.29845759
4130141100,101,양화1교차로,36.50309728,127.2981043
4130141200,101,행정중심복합도시3-3생활권,36.48044682,127.29805021
4130141300,101,죽림오거리,36.59226398,127.29848273
4130141400,101,마음그린한의원,36.59829561,127.29863357
4130141500,101,죽림삼거리,36.58922777,127.29860251
4130141600,101,새내4길시점,36.59726506,127.29881792
4130141700,101,새내1길시점,36.59696858,127.29887312
4130141900,102,세종특별자치시장애인체육회,36.58548667,127.29891
4130142000,104,조치원육교,36.59477967,127.29921488
4130142100,101,죽림삼거리,36.58911462,127.29926167
4130142200,104,조치원육교,36.5935404,127.29928589
4130142300,104,지하차도동측,36.4783461,127.29890786
4130142400,103,속성변화점,36.4911354,127.29907087
4130142500,101,기쁜소식세종교회,36.596675,127.29954667
4130142600,104,서창과선교,36.61405781,127.29961792
4130142700,102,세종시립의원,36.60720833,127.29965833
4130142800,101,산책2길시점,36.5942322,127.29975293
4130142900,101,순복음섬기는교회,36.59546751,127.2997725
4130143000,101,리버시티307동앞,36.48404359,127.29937166
4130143100,101,중흥클래스1204동앞,36.4916358,127.29948719
4130143200,101,소담동502,36.48724515,127.29950923
4130143300,104,서창과선교,36.61299315,127.30022604
4130143400,104,남리과선교,36.59089034,127.3003232
4130143500,101,새마을공원,36.60610268,127.30044743
4130143600,103,속성변화점,36.61160515,127.3005412
4130143700,101,조치원감리교회,36.59481554,127.30048872
4130143800,103,속성변화점,36.49235861,127.30010014
4130143900,101,두레마을,36.59680544,127.30069932
4130144000,101,GS25평리점,36.60429263,127.30075131
4130144100,101,국토연구원,36.49266936,127.30036366
4130144200,101,서창천교,36.60726334,127.30084067
4130144300,101,소담동37-4,36.48531451,127.30044211
4130144400,101,번영1길종점,36.59559667,127.30088167
4130144500,102,세종시청소년수련관,36.60591282,127.30096773
4130144600,101,시민회관사거리,36.60163596,127.30111817
4130144700,101,축산리343-1,36.44154531,127.3007321
4130144800,101,명리82,36.60011904,127.30136538
4130144900,101,문주2교,36.55175733,127.3012344
4130145000,101,명동공영주차장,36.59962575,127.30144929
4130145100,101,조세재정연구원앞,36.49342054,127.30107857
4130145200,104,문주1교,36.54753704,127.30138436
4130145300,101,새내6길입구,36.59864482,127.30159973
4130145400,101,소담교차로,36.48629268,127.30119257
4130145500,101,소담동32-15,36.48123621,127.30119903
4130145600,102,조치원4길종점,36.5938,127.30173333
4130145700,101,우성볼링센터,36.59758803,127.30175596
4130145800,104,보롬교,36.53627642,127.30151995
4130145900,104,문주1교,36.54660472,127.30158597
4130146000,101,남리공원,36.59693493,127.3018481
4130146100,101,조치원로1,36.60194239,127.30207461
4130146200,104,남리과선교,36.59428184,127.3022942
4130146300,101,소담동332-4,36.48742505,127.3019099
4130146400,102,새내20길입구,36.60482947,127.30250213
4130146500,101,소담동330,36.4878451,127.30207736
4130146600,101,배수장길시점,36.59406458,127.30254748
4130146700,102,세종시상하수도사업소,36.591035,127.30255667
4130146800,104,한누리대로지하서측,36.53650166,127.30236762
4130146900,101,국책연구단지후문,36.49464007,127.30224345
4130147000,101,소담동38-1,36.48561288,127.30240807
4130147100,101,반곡동210,36.48962208,127.30277533
4130147200,104,꽃구름교,36.5408879,127.303346
4130147300,101,반곡동771-68,36.49026645,127.30320418
4130147400,101,허만석로1,36.59663622,127.30364388
4130147500,101,에스마트조치원점,36.59715524,127.30368452
4130147600,102,조치원명동초등학교,36.60092,127.30379167
4130147700,104,햇무리교남측,36.49697682,127.30347376
4130147800,102,새내4길종점,36.59779838,127.30393143
4130147900,104,꽃구름교,36.5396872,127.30377547
4130148000,104,지하차도,36.47954934,127.30359412
4130148100,101,허만석로2,36.59762535,127.30420896
4130148200,101,소담동32-25,36.48159693,127.30388534
4130148300,101,반곡동771-84,36.49158485,127.30410065
4130148400,101,소담동49-3,36.48465743,127.30412103
4130148500,101,공동청사사거리,36.49662796,127.30427273
4130148600,101,수자인503동앞,36.47962546,127.30429034
4130148700,101,용호리1094,36.53710202,127.30454237
4130148800,101,장재리,36.47863767,127.30449326
4130148900,101,상리사거리,36.60315296,127.30505051
4130149000,101,반곡동산56,36.49285128,127.30495911
4130149100,104,국책연구단지앞지하차도남측,36.49293461,127.30501748
4130149200,105,청주시흥덕구-세종특별자치시,36.60335803,127.30558207
4130149300,104,한누리대로지하차도동측,36.53727953,127.30673441
4130149400,101,축산리127-3,36.4398511,127.30650827
4130149500,101,반곡교차로,36.4955311,127.30678281
4130149600,101,반곡동36-3,36.49949313,127.30692362
4130149700,101,소담동산9,36.48200501,127.3074194
4130149800,101,축산리123-3,36.43987315,127.30760424
4130149900,101,새샘교차로,36.48009867,127.3082095
4130150000,104,국책연구단지앞지하차도북측,36.49727878,127.30915703
4130150100,101,반곡동398,36.49731973,127.30935351
4130150200,101,문주길입구,36.54673184,127.31018628
4130150300,101,새터교차로,36.51710945,127.31016315
4130150400,101,현동소방대기소,36.49760545,127.31150664
4130150500,102,월산리종점,36.51930618,127.31189446
4130150600,104,한누리대로지하차도서측,36.53604628,127.31302998
4130150700,101,금천리355-1,36.44152677,127.31267407
4130150800,101,반곡동47-1,36.4977236,127.31365202
4130150900,104,금천교,36.44206338,127.31345782
4130151000,104,금천교,36.4421854,127.31367874
4130151100,101,남곡리마을회관,36.47028302,127.31379442
4130151200,101,다솜리산62-1,36.53497093,127.31537745
4130151300,101,월산교차로,36.52079038,127.31587341
4130151400,104,미호교남측,36.58255493,127.31647694
4130151500,101,반곡동60-3,36.50031894,127.31627748
4130151600,101,강촌입구,36.58089275,127.31691844
4130151700,104,월산교,36.52279372,127.31756887
4130151800,101,반곡동산74,36.48380439,127.31742096
4130151900,101,금천1리입구,36.44010135,127.31737377
4130152000,101,반곡동63-3,36.49750628,127.31762072
4130152100,104,한누리대로지하차도동측,36.53338545,127.31819164
4130152200,106,예양교차로남측,36.57396284,127.31840225
4130152300,104,금병교,36.47706375,127.31805213
4130152400,104,금병교,36.47677724,127.31812347
4130152500,101,금천리입구,36.43980865,127.31801481
4130152600,106,예양교차로,36.57557184,127.31914272
4130152700,101,다솜리119,36.53234222,127.31949984
4130152800,106,예양교차로,36.57518518,127.31992497
4130152900,104,월산교,36.52616125,127.32002182
4130153000,102,세종시농협쌀조합,36.57131164,127.32038506
4130153100,106,예양교차로북측,36.57714989,127.32055138
4130153200,102,금천2리마을회관,36.43815825,127.32000921
4130153300,104,합강지하차도북측,36.53108045,127.32107831
4130153400,104,미호대교,36.58034132,127.32136417
4130153500,101,집현리789-119,36.47963434,127.32097635
4130153600,101,용호1길입구,36.53748314,127.32130951
4130153700,101,예양교차로,36.5750856,127.32152742
4130153800,105,청주시흥덕구-세종특별자치시,36.58259606,127.32166849
4130153900,101,집현리789-119,36.47974706,127.32126662
4130154000,101,예양삼거리,36.57135489,127.32188777
4130154100,101,예양식당,36.57369443,127.32230528
4130154200,101,미꾸지삼거리,36.5805222,127.32238511
4130154300,101,합당교차로,36.5286384,127.32243085
4130154400,101,집현리885-1,36.49798219,127.32232266
4130154500,103,속성변화점,36.56354542,127.32275682
4130154600,104,합강교차로,36.52881969,127.32267288
4130154700,101,예양삼거리,36.57277407,127.32310676
4130154800,104,합강교차로,36.52901932,127.32293605
4130154900,101,송용교차로,36.56169967,127.32310477
4130155000,101,합강교차로,36.52929224,127.32331495
4130155100,101,내판리331-3,36.54594221,127.32344997
4130155200,105,청주시흥덕구-세종특별자치시,36.58015487,127.32403204
4130155300,101,집현리996-1,36.49860782,127.3248804
4130155400,101,내판상리노인정,36.5482284,127.32515249
4130155500,101,쌍둥이네백숙,36.55226033,127.32547887
4130155600,101,황룡교,36.4816268,127.3254037
4130155700,104,합강지하차도남측,36.52721753,127.32587386
4130155800,103,속성변화점,36.55545308,127.32649004
4130155900,104,황룡교,36.48150343,127.32621267
4130156000,101,내판리274-2,36.55076663,127.32673285
4130156100,101,연못골삼거리,36.55451809,127.32686842
4130156200,101,내판리716,36.55039051,127.32700139
4130156300,101,집현리1047,36.49995196,127.3275583
4130156400,101,황룡교,36.47993526,127.32771808
4130156500,101,내판과선교,36.55271003,127.32803879
4130156600,101,내판리699,36.54692307,127.32810389
4130156700,103,속성변화점,36.54513156,127.32819289
4130156800,103,속성변화점,36.56903963,127.32838335
4130156900,101,합강리96-13,36.52475162,127.32860317
4130157000,101,봉기1리마을회관,36.50114128,127.32858664
4130157100,103,속성변화점,36.53876405,127.32899387
4130157200,101,내판리692,36.54737728,127.32910121
4130157300,104,생태터널남측,36.50601795,127.32950831
4130157400,104,생태터널북측,36.50670128,127.32957164
4130157500,101,지티에스앞,36.54447111,127.32978924
4130157600,104,아람찬교남측,36.50936426,127.32980007
4130157700,101,노송리468-3,36.56672979,127.33062219
4130157800,104,아람찬교북측,36.51694735,127.33051585
4130157900,101,내판리714,36.54804682,127.33066214
4130158000,101,내판리713,36.54492194,127.33080336
4130158100,101,합강리산50-10,36.52001393,127.33076646
4130158200,101,황룡교,36.48036218,127.3310167
4130158300,104,황룡교,36.47995521,127.3312045
4130158400,101,명학리978,36.53598143,127.33176445
4130158500,101,황용리84-6,36.47462,127.33235417
4130158600,101,영대리522-2,36.45833882,127.33326481
4130158700,101,응암농공단지복지회관,36.54624831,127.33395114
4130158800,101,명학리978,36.53763628,127.33391485
4130158900,101,황용리45-7,36.47451898,127.33399699
4130159000,101,대박리416,36.48015741,127.33421056
4130159100,104,수청과선교남측,36.54320218,127.33451983
4130159200,101,응암삼거리,36.54551897,127.3346172
4130159300,101,응암리921,36.54120902,127.33460234
4130159400,101,명학리667-26,36.53584925,127.33461061
4130159500,104,수청과선교,36.54424866,127.33468356
4130159600,101,응암삼거리,36.54595515,127.33470778
4130159700,102,음암산업단지입구,36.54611212,127.33501511
4130159800,101,한국전자파연구소앞,36.53662571,127.33505859
4130159900,101,응암리921,36.54040059,127.33546554
4130160000,101,집현리623-5,36.49933811,127.33554083
4130160100,101,노송리463-2,36.56281602,127.33589482
4130160200,101,영대리846-1,36.47436677,127.33565622
4130160300,101,진웅엠피아앞,36.53937306,127.33612758
4130160400,102,합강2리마을회관,36.51746796,127.3365144
4130160500,101,삼성전기입구,36.53779093,127.33672542
4130160600,104,명학교차로,36.5369522,127.33680044
4130160700,101,명학리554-1,36.537207,127.33684953
4130160800,105,청주시흥덕구-세종특별자치시,36.56291411,127.33701754
4130160900,101,명학리554-1,36.53671448,127.33693915
4130161000,101,응암리921,36.54008342,127.33706745
4130161100,104,명학리554-1,36.53713377,127.33717711
4130161200,101,명학리554-1,36.53730323,127.33752512
4130161300,101,응암리806,36.54047657,127.33758764
4130161400,101,명학리921,36.53809154,127.33785271
4130161500,101,바람재로길입구,36.46439784,127.33817122
4130161600,104,명학교,36.53791313,127.33881297
4130161700,101,용합삼거리,36.53894903,127.34044265
4130161800,104,명학교,36.53882149,127.34071573
4130161900,101,용암2리입구,36.55704136,127.34214002
4130162000,101,응암교차로,36.53969599,127.34280199
4130162100,101,응암교차로,36.54044086,127.34453034
4130162200,104,응암교,36.5402075,127.34462892
4130162300,104,응암교,36.5403003,127.34501439
4130162400,101,응암교차로,36.54007544,127.34507507
4130162500,101,응암교차로,36.53985178,127.34543867
4130162600,103,속성변화점,36.54065146,127.34567604
4130162700,103,속성변화점,36.55306712,127.34673203
4130162800,101,응암1교,36.54080654,127.34669477
4130162900,101,산수교차로,36.54127457,127.34691364
4130163000,104,대박교,36.47303648,127.34774148
4130163100,101,신수교차로,36.54073053,127.34882556
4130163200,101,오일뱅크나라,36.53540437,127.34904304
4130163300,104,대박교,36.4727954,127.34879755
4130163400,101,구룡달전로교차로,36.46125318,127.34918976
4130163500,101,구룡달전로교차로,36.46147063,127.35064394
4130163600,101,응암4리입구,36.55068627,127.35142312
4130163700,101,다산청정아파트,36.52992041,127.35164647
4130163800,101,세븐일레븐세종부강로드점,36.53429812,127.35284901
4130163900,101,응암리373-5,36.54614787,127.35376805
4130164000,103,속성변화점,36.50125591,127.35367195
4130164100,101,응암리793-37,36.54682518,127.3539487
4130164200,104,백천2교북측,36.54515369,127.35421273
4130164300,104,제2백천교,36.54600762,127.35423864
4130167200,101,동환산업주,36.49937696,127.36336005
4130167300,101,모빌일렉트론,36.49996555,127.36376131
4130167400,101,부강리401-137,36.53208472,127.36405947
4130167500,103,속성변화점,36.5390381,127.36413753
4130167600,101,금호리259,36.49962666,127.36448586
4130167700,101,금호리259,36.49774836,127.3646121
4130167800,101,부강역앞,36.53181799,127.36525615
4130167900,101,주나노신소재,36.49857954,127.36514592
4130168000,101,부강역,36.53176445,127.365628
4130168100,101,벧엘교회,36.52978882,127.36582582
4130168200,102,부강제일교회,36.52845424,127.36590829
4130168300,101,갈산2교차로,36.54151962,127.36609796
4130168400,101,부강교차로,36.53573504,127.36619486
4130168500,101,연세의원,36.53017574,127.36658905
4130168600,101,부강제일의원,36.52875933,127.36662237
4130168700,101,한국자유총연맹,36.52906575,127.36734029
4130168800,102,부강리283,36.53637835,127.36778481
4130168900,101,부강리788-8,36.52013936,127.36785073
4130169000,101,향산교,36.5610956,127.36816228
4130169100,101,신화약국,36.52784378,127.3681714
4130169200,101,한화종합기숙사,36.52641366,127.36830926
4130169300,104,태산교,36.52499754,127.36841043
4130169400,101,부강리401-132,36.53128254,127.36855228
4130169500,104,태산교,36.52476907,127.36854363
4130169600,104,향산교,36.56085191,127.36871513
4130169700,101,부강리산16-16,36.53583653,127.36860972
4130169800,101,명인카프라자,36.52670237,127.36895461
4130169900,101,행산교차로,36.56049637,127.36964635
4130170000,101,부강양조장,36.52809001,127.36957254
4130170100,102,금호1구마을회관,36.49375765,127.36954092
4130170200,101,부용면문화복지회관,36.52721424,127.3700704
4130170300,103,속성변화점,36.49235916,127.37055878
4130170400,101,금호리398-4,36.49251215,127.37090435
4130170500,101,부강119안전센터,36.52793193,127.37157721
4130170600,103,속성변화점,36.56033556,127.3717582
4130170700,103,속성변화점,36.49279594,127.3714399
4130170800,101,행산2리새마을회관,36.56029746,127.37261984
4130170900,101,부용삼거리,36.52777937,127.37265154
4130171000,101,부용삼거리,36.52762973,127.37356877
4130171100,104,부강터널,36.53055718,127.37361154
4130171200,101,대청마루,36.52724192,127.37415027
4130171300,104,비룡교,36.56086272,127.37618122
4130171400,101,부강리산33-2,36.51897068,127.37806435
4130171500,101,등곡삼거리,36.51759786,127.37876196
4130171600,104,부강터널,36.52965502,127.37901019
4130171700,102,문곡리1149,36.53040309,127.38465392
4130171800,104,등곡교서측,36.50247031,127.38475736
4130171900,104,문곡교,36.52887876,127.38493949
4130172000,104,문곡교,36.52874673,127.38507637
4130172100,101,원두막매운탕,36.52850525,127.3852796
4130172200,104,등곡교동측,36.50244461,127.38516092
4130172300,102,등곡1리마을회관,36.50903328,127.38618552
4130172400,101,등곡리618-5,36.5025313,127.38638031
4130172500,101,등곡리618-5,36.50151491,127.38732163
4130172600,102,문곡리산120-1,36.54014667,127.3881446
4130172700,103,속성변화점,36.49893135,127.39020587
4130172800,101,문곡교차로,36.52921939,127.3911531
4130172900,101,문곡교차로,36.52848967,127.39122769
4130173000,103,속성변화점,36.49706696,127.39326954
4130173100,101,동일기업,36.52939775,127.39488695
4130173200,101,S-Oil차사랑,36.52971556,127.39652491
4130173300,102,S-Oil차사랑,36.53056844,127.39691336
4130173400,102,문곡리1100-3,36.52373646,127.39940139
4130173500,104,시목교북측,36.49369796,127.4025438
4130177301,101,해밀동산41,36.52491432,127.26276138
4130178201,101,해밀동산12,36.52850095,127.26778338
4130063500,101,두루유치원,36.52018988,127.23928292
4130063600,101,고운동2058,36.51502565,127.23928276
4130063700,101,두루중학교앞교차로,36.51738272,127.23929454
4130063800,101,고운동2058,36.5181527,127.23931359
4130063900,101,고운동2058,36.50886098,127.23928505
4130064000,104,조천3교,36.66292143,127.23987954
4130064100,101,고운동163-2,36.51398539,127.23942585
4130064200,101,원봉리610,36.45002466,127.23931852
4130064300,101,고운동산152,36.51121508,127.23973372
4130064400,101,고운동162-1,36.5128696,127.23976281
4130064500,101,고운동산152,36.51201517,127.23979239
4130064600,101,고운동799,36.53460194,127.23986249
4130064700,104,주추지하차도남측,36.49684909,127.23994853
4130064800,106,청람리44,36.66296361,127.24058992
4130064900,101,너비뜰교차로,36.49971349,127.24047694
4130065000,101,원봉리599,36.45275141,127.24037315
4130065100,101,고운동산167,36.51200309,127.24074845
4130065200,101,중흥S클래스에듀힐스아파트,36.52007972,127.24084523
4130065300,101,말씀교회,36.50213941,127.24090376
4130065400,101,유치원앞,36.52077001,127.24104658
4130065500,101,민마루초등학교,36.5027753,127.24101257
4130065600,104,사오리지하차도북측,36.49210171,127.24101582
4130065700,102,다정동산55,36.49232461,127.24119546
4130065800,101,종촌동709,36.50519137,127.24127695
4130065900,101,고운동478-2,36.5247728,127.24144842
4130066000,101,주추교차로,36.50878253,127.24142542
4130066100,101,한양수자인북서측교차로,36.51078794,127.2414534
4130066200,101,보듬3로교차로,36.51199393,127.2414856
4130066300,101,축산물품질평가원앞,36.51282815,127.24150124
4130066400,101,아름동1477,36.51503443,127.24153442
4130174501,101,세종여고교차로,36.60566462,127.28963148
4130174601,101,강원빌,36.6055369,127.2913964
4130174901,101,행정중심복합도시4-2M2(2021년3,36.50199398,127.32503102
4130174301,101,주차장,36.49993457,127.2828877
4130174401,101,이마트24,36.49607902,127.2926196
4130174201,103,양화2교차로,36.49302762,127.28985945
4130174101,101,KCC건설,36.70791688,127.15305177
4130174001,101,KCC천안공장,36.70348328,127.15363428
4130174701,101,행정중심복합도시4-2M2(2021년3,36.49988138,127.32449352
4130174801,101,BRT1,36.50150207,127.32773233
4130175001,101,용암교차로,36.54633865,127.20119721
4130175101,101,용암교차로,36.54512462,127.20330236
4130175201,101,유림푸드,36.54448087,127.20545625
4130176301,101,엘림,36.48060362,127.31864259
4130176701,101,리버오브내션교회,36.48231656,127.31793807
4130176501,101,엘림,36.4814775,127.31825401
4130176401,101,세종시공공급식지원센터,36.48000342,127.3194924
4130176801,101,세종시공공급식지원센터,36.48077306,127.32021764
4130176601,101,원수산MTB공원,36.52289301,127.26739659
4130176001,101,고등1리마을회관,36.71551267,127.19520545
4130175901,101,고등리1구부녀회구판장,36.71303614,127.19576109
4130176101,101,신신제약,36.71588097,127.197785
4130176201,101,신신제약,36.71598198,127.19851244
4130175301,104,세종대학공동캠퍼스(2023년1월예,36.50343635,127.33734301
4130175701,102,선무역,36.53260929,127.33020618
4130175601,104,합강동,36.52586364,127.33496817
4130175501,104,합강2리마을회관,36.51897151,127.33822566
4130175401,104,금강5교,36.51052065,127.33801745
4130175801,101,선무역,36.53282536,127.33000324
4130017100,104,나성3교,36.49056362,127.2676338
4130095000,101,나성동328-1,36.49167794,127.26269347
4130096900,101,나성동261-1,36.48837304,127.26388264
4130177201,101,나성3교,36.48946344,127.26633799
4130002900,101,관정리766,36.70438052,127.21322419
4130046300,101,산단입구교차로,36.70154417,127.2102353
4130046400,101,관정3리삼거리,36.70933493,127.21059858
4130137400,101,세상의빛교회,36.59585574,127.29606573
4130141800,101,고려종합상사,36.59660398,127.29892067
4130179001,101,해밀동산1,36.53188586,127.26822219
4130177401,101,도담동902,36.52429543,127.26492602
4130177501,101,해밀동348-1,36.52514632,127.26539816
4130178301,102,해밀동108,36.52466343,127.27325479
4130178701,102,해밀동29,36.52240203,127.27698222
4130178601,101,해밀동115,36.52663603,127.27161575
4130178001,101,해밀동94-1,36.52474603,127.27033678
4130178801,101,해밀동산26,36.52610917,127.27292594
4130179101,102,어진동298-6,36.49500334,127.25604524
4130179301,101,나성동338-7,36.49271643,127.26027705
4130179201,101,나성동346-1,36.49188919,127.26022936
4130179401,101,관정리251-2,36.70472033,127.21232347
4130025800,104,집현동709-4,36.49596339,127.33226549
4130025700,104,디딤2교남측,36.48543016,127.32361245
